EQ_ID,year,month,day,hour,minute,second,lat,lat_minute,lon,lon_minute,depth,magnitude,nsta,nearest_sta_dist (km)
5598,1999,2,22,13,48,58.05,23.0,58.5,122,39.27,4.21,5.9,82,103.8
5642,1999,4,4,4,59,2.62,24.0,53.01,121,56.16,88.95,5.82,99,15.0
5728,1999,5,18,3,43,22.06,22.0,9.96,121,23.79,84.34,5.51,99,21.2
5752,1999,6,3,16,11,42.88,24.0,24.22,122,29.21,61.67,6.18,99,68.3
5932,1999,9,20,17,47,15.85,23.0,51.15,120,48.93,8.0,7.3,99,5.5
5933,1999,9,20,17,49,40.07,23.0,58.63,120,49.79,19.74,6.07,99,4.4
5934,1999,9,20,17,51,35.38,24.0,5.55,121,2.39,6.16,5.97,99,12.7
5936,1999,9,20,17,57,15.58,23.0,54.7,121,2.66,7.68,6.44,99,10.1
5937,1999,9,20,17,58,55.13,23.0,54.42,121,3.76,6.97,5.71,99,11.9
5940,1999,9,20,18,3,41.57,23.0,47.81,120,51.65,9.75,6.6,99,2.2
5944,1999,9,20,18,11,54.21,23.0,51.89,121,4.03,12.49,6.7,99,15.2
5946,1999,9,20,18,16,17.95,23.0,51.69,121,2.45,12.53,6.66,99,13.8
6136,1999,9,20,21,46,38.11,23.0,35.08,120,51.42,8.57,6.59,99,9.8
6563,1999,9,22,0,14,40.77,23.0,49.58,121,2.8,15.59,6.8,99,37.4
6576,1999,9,22,0,49,43.45,23.0,45.88,121,1.88,17.38,6.2,99,37.5
6662,1999,9,22,12,17,20.96,23.0,44.36,120,58.87,24.02,6.0,99,18.8
6780,1999,9,23,12,44,34.45,23.0,55.55,121,5.14,18.35,5.63,99,16.1
7010,1999,9,25,23,52,49.63,23.0,51.25,121,0.14,12.06,6.8,99,9.1
7334,1999,9,30,9,49,45.33,24.0,42.09,121,59.86,70.55,5.53,99,18.0
7887,1999,10,22,2,18,56.9,23.0,31.02,120,25.35,16.59,6.4,99,2.1
7906,1999,10,22,3,10,17.46,23.0,31.98,120,25.84,16.74,6.0,99,1.8
8111,1999,11,1,17,53,2.25,23.0,21.71,121,43.55,31.33,6.9,99,27.2
8942,2000,2,15,21,33,18.15,23.0,18.96,120,44.42,14.71,5.59,99,5.1
9288,2000,6,10,18,23,29.45,23.0,54.06,121,6.55,16.21,6.7,99,18.3
9454,2000,7,14,0,7,32.46,24.0,2.9,121,43.7,7.19,5.7,74,12.1
9532,2000,7,28,20,28,7.72,23.0,24.66,120,55.96,7.35,6.1,99,17.0
9670,2000,8,23,0,49,16.58,23.0,38.16,121,38.08,27.48,5.57,99,11.1
9746,2000,9,10,8,54,46.53,24.0,5.12,121,35.03,17.74,6.2,99,1.3
10366,2001,3,1,16,37,50.19,23.0,50.26,120,59.83,10.93,5.8,99,10.5
10565,2001,6,13,13,17,54.15,24.0,22.87,122,36.39,64.41,6.25,99,80.5
10567,2001,6,14,2,35,25.78,24.0,25.13,121,55.68,17.29,6.3,99,14.8
11142,2001,12,18,4,3,0.75,23.0,52.02,122,39.12,12.0,6.7,99,104.8
11256,2002,2,12,3,27,25.0,23.0,44.44,121,43.36,29.98,6.2,99,19.0
11375,2002,3,31,6,52,49.95,24.0,8.39,122,11.49,13.81,6.8,99,49.5
11832,2002,5,15,3,46,5.91,24.0,39.06,121,52.31,8.52,6.2,99,5.0
12079,2002,5,28,16,45,14.97,23.0,54.78,122,23.81,15.23,6.2,99,79.2
12088,2002,5,30,6,53,40.15,24.0,52.39,121,56.97,86.99,5.55,99,20.7
12593,2002,9,16,0,3,30.74,25.0,6.09,122,23.25,175.67,6.8,99,46.0
13338,2003,6,9,1,52,50.57,24.0,22.22,122,1.4,23.22,5.72,99,25.5
13359,2003,6,10,8,40,32.05,23.0,30.22,121,41.95,32.31,6.48,99,21.9
13566,2003,9,10,22,55,6.06,22.0,42.54,121,23.96,85.36,5.76,99,26.4
13754,2003,12,10,4,38,13.52,23.0,4.0,121,23.89,17.73,6.42,99,5.0
14343,2004,2,4,3,23,59.42,23.0,22.84,122,8.98,17.36,5.64,99,69.5
14624,2004,5,16,6,4,8.7,23.0,3.05,121,58.77,12.85,5.72,99,62.4
14638,2004,5,19,7,4,12.94,22.0,42.81,121,22.19,27.08,6.03,99,21.0
14897,2004,10,15,4,8,50.18,24.0,27.74,122,51.1,91.03,7.1,99,101.3
14923,2004,11,8,15,54,55.86,23.0,47.69,122,45.62,10.0,6.58,99,117.4
14932,2004,11,11,2,16,44.5,24.0,18.7,122,9.48,27.26,6.09,99,41.1
15025,2005,1,21,14,28,21.1,24.0,33.35,122,31.86,92.12,5.94,99,69.2
15121,2005,2,18,20,18,18.83,23.0,20.43,121,40.42,15.28,5.6,99,21.9
15158,2005,3,5,19,6,51.73,24.0,39.28,121,50.45,6.39,5.9,99,3.7
15159,2005,3,5,19,8,0.09,24.0,39.19,121,47.86,6.95,5.96,99,1.5
15437,2005,4,30,14,48,17.23,24.0,2.11,121,37.47,8.45,5.62,99,2.1
15704,2005,6,1,16,20,5.66,24.0,38.2,122,3.98,64.78,6.0,99,20.8
15903,2005,9,6,1,16,0.41,23.0,57.49,122,17.01,16.76,6.0,99,67.5
16047,2005,11,29,22,41,49.84,24.0,45.18,122,2.02,68.04,5.51,99,22.8
16216,2006,4,1,10,2,19.54,22.0,53.01,121,4.84,7.2,6.23,99,2.4
16392,2006,4,15,22,40,55.37,22.0,51.33,121,18.21,17.9,6.04,99,7.9
16602,2006,7,28,7,40,10.43,23.0,57.97,122,39.48,27.97,6.02,99,100.7
16826,2006,12,26,12,26,21.0,21.0,41.24,120,33.32,44.11,6.96,99,32.9
16829,2006,12,26,12,34,15.13,21.0,58.19,120,25.18,50.22,6.99,99,30.9
16842,2006,12,26,15,41,44.67,22.0,4.35,120,17.92,41.18,5.54,99,31.2
16853,2006,12,27,2,30,39.79,22.0,3.02,120,23.32,49.49,5.8,99,32.5
16931,2007,1,25,10,59,15.54,22.0,37.83,122,1.6,25.81,6.24,99,58.3
17227,2007,7,23,13,40,2.44,23.0,42.97,121,38.14,38.63,5.77,99,9.8
17300,2007,9,6,17,51,26.92,24.0,16.68,122,15.25,54.01,6.63,99,51.1
17625,2008,4,23,18,28,41.95,22.0,52.34,121,40.74,11.06,5.64,99,30.8
17717,2008,6,1,16,59,23.74,24.0,51.65,121,47.42,92.31,5.83,99,2.5
17946,2008,9,9,7,43,13.28,24.0,36.45,122,38.0,103.84,5.94,99,78.4
18066,2008,12,2,3,16,54.23,23.0,20.28,121,29.14,31.67,5.68,99,2.6
18075,2008,12,7,21,18,37.22,23.0,51.12,122,11.79,35.05,5.88,99,59.5
18113,2009,1,3,22,4,34.97,24.0,9.21,121,43.99,7.46,5.1,58,8.3
18118,2009,1,5,20,21,21.66,24.0,9.88,121,43.67,8.15,4.26,10,7.7
18122,2009,1,10,17,26,35.79,23.0,1.96,120,13.19,14.98,3.76,25,1.8
18135,2009,1,13,4,17,28.97,24.0,8.04,121,42.71,8.91,3.77,6,6.0
18143,2009,1,16,16,48,37.59,23.0,13.91,120,21.19,12.19,3.94,31,0.7
18147,2009,1,19,19,18,50.37,24.0,7.13,121,42.11,8.46,3.8,5,4.9
18149,2009,1,20,15,51,3.76,24.0,3.29,121,29.48,22.33,3.68,19,9.9
18151,2009,1,21,3,52,48.65,22.0,8.45,121,24.14,22.08,4.12,2,19.7
18161,2009,1,26,10,10,17.24,23.0,10.33,121,6.41,5.17,3.53,11,4.8
18165,2009,1,28,1,36,32.43,23.0,19.9,121,29.03,31.38,3.84,5,3.1
18172,2009,2,4,6,39,59.75,22.0,57.06,121,26.56,11.82,4.42,26,14.2
18179,2009,2,8,5,18,55.64,22.0,51.77,121,6.64,12.69,4.37,23,2.0
18180,2009,2,8,21,14,18.66,24.0,7.88,121,40.67,10.48,3.64,8,2.5
18182,2009,2,9,18,33,52.86,22.0,39.95,121,4.96,6.71,4.48,22,4.7
18183,2009,2,9,21,24,35.92,22.0,40.84,121,4.76,6.03,4.91,30,4.4
18189,2009,2,12,4,58,53.7,24.0,2.69,121,32.47,17.97,4.02,34,5.6
18195,2009,2,20,3,46,2.69,23.0,28.14,121,20.17,9.99,3.55,4,2.0
18210,2009,3,2,12,59,57.16,24.0,15.3,121,1.02,40.45,4.16,20,28.7
18220,2009,3,13,9,29,33.65,24.0,2.08,121,31.42,17.93,4.16,55,6.2
18225,2009,3,15,22,33,5.14,23.0,21.12,120,26.35,12.14,3.6,27,0.8
18230,2009,3,18,19,9,42.64,23.0,45.65,121,26.43,15.94,3.83,12,3.0
18239,2009,3,28,11,44,5.28,23.0,10.64,121,21.68,17.54,3.6,7,3.9
18250,2009,4,9,0,12,29.23,23.0,9.62,121,27.06,27.24,4.61,22,6.7
18252,2009,4,10,7,10,46.3,22.0,33.68,120,57.37,9.56,4.05,11,3.3
18257,2009,4,15,11,35,42.21,23.0,3.79,121,21.05,20.58,3.58,4,4.5
18264,2009,4,17,12,37,48.89,23.0,55.02,121,40.89,43.43,5.33,99,8.2
18269,2009,4,25,21,45,17.08,24.0,0.82,121,31.03,18.52,3.92,27,5.3
18287,2009,5,7,16,20,0.16,23.0,19.61,121,29.13,30.56,4.14,11,3.6
18299,2009,5,15,14,31,3.41,24.0,10.62,121,46.41,11.76,4.6,45,12.4
18310,2009,5,26,19,37,18.5,22.0,55.05,120,59.84,4.12,3.79,17,8.7
18314,2009,5,27,11,40,10.78,24.0,23.35,121,57.79,20.45,3.8,13,18.6
18320,2009,6,1,16,47,17.51,23.0,23.57,120,38.82,11.85,3.81,17,6.7
18335,2009,6,12,12,51,54.09,24.0,0.02,121,37.64,6.93,4.21,37,1.1
18346,2009,6,17,17,17,45.62,23.0,26.35,120,38.75,12.73,4.41,99,4.2
18349,2009,6,18,3,5,54.18,24.0,17.59,121,48.74,14.07,4.04,14,6.0
18354,2009,6,19,6,30,43.88,23.0,25.45,120,35.91,11.78,4.04,30,1.7
18358,2009,6,22,10,48,25.83,23.0,25.21,120,25.4,8.58,4.47,91,2.0
18366,2009,6,28,1,26,14.51,24.0,10.94,121,44.8,10.58,4.37,14,9.8
18369,2009,6,28,5,44,36.89,24.0,10.55,121,45.07,11.92,4.67,45,10.2
18372,2009,6,28,7,9,53.91,24.0,11.05,121,44.45,12.91,3.99,9,9.3
18374,2009,6,28,7,55,59.04,24.0,10.53,121,44.73,10.21,4.1,25,9.6
18378,2009,6,28,9,34,56.19,24.0,10.94,121,45.2,12.88,5.26,99,10.5
18386,2009,6,28,9,52,45.28,24.0,10.97,121,46.08,13.97,4.8,75,12.0
18396,2009,6,28,10,6,24.93,24.0,11.42,121,45.38,13.62,3.84,13,11.0
18398,2009,6,28,10,11,51.19,24.0,12.03,121,45.72,13.93,4.25,18,10.9
18409,2009,6,28,11,8,1.87,24.0,11.61,121,45.17,13.34,3.8,9,10.8
18411,2009,6,28,11,36,11.71,24.0,10.15,121,43.92,11.35,4.38,37,8.1
18436,2009,6,28,17,10,1.92,24.0,10.69,121,44.11,11.77,4.35,22,8.6
18440,2009,6,28,17,26,32.72,24.0,11.26,121,45.21,14.1,4.42,26,10.7
18459,2009,6,28,20,11,32.66,24.0,11.82,121,43.52,9.44,3.65,8,8.4
18462,2009,6,29,0,13,49.35,24.0,12.21,121,46.03,14.56,3.74,5,11.7
18465,2009,6,29,1,37,13.27,24.0,12.2,121,43.11,9.85,3.76,8,8.1
18468,2009,6,29,6,38,55.56,24.0,11.68,121,43.76,11.33,4.23,18,8.6
18470,2009,6,29,12,12,12.69,24.0,11.37,121,43.54,9.32,3.88,10,8.1
18487,2009,7,2,1,38,44.76,21.0,58.49,121,29.18,13.18,3.75,1,10.1
18488,2009,7,2,10,41,47.5,24.0,13.01,121,43.03,12.11,3.94,11,9.0
18504,2009,7,7,10,20,42.77,24.0,9.98,121,43.81,11.0,4.12,14,7.9
18516,2009,7,13,18,5,2.59,24.0,1.37,122,13.16,18.08,6.0,99,57.3
18523,2009,7,15,10,37,35.43,23.0,50.07,121,28.31,18.55,4.78,55,1.7
18524,2009,7,15,10,53,56.8,23.0,50.6,121,27.15,16.78,3.59,8,3.4
18530,2009,7,17,11,1,13.97,23.0,2.43,120,17.4,16.34,3.71,20,4.3
18534,2009,7,19,9,27,17.47,23.0,53.42,120,11.83,19.94,3.98,23,9.9
18538,2009,7,20,8,46,19.81,23.0,53.82,120,11.03,21.25,3.79,18,11.0
18541,2009,7,20,22,51,1.28,24.0,6.07,121,40.13,8.37,3.81,14,3.1
18542,2009,7,21,6,58,11.56,24.0,4.87,121,40.2,8.68,4.73,48,5.1
18545,2009,7,21,8,59,42.53,24.0,5.26,121,39.69,8.64,3.86,24,4.2
18546,2009,7,22,14,26,38.01,24.0,24.19,121,54.27,19.17,3.69,13,12.3
18551,2009,7,26,1,0,12.37,23.0,41.12,120,57.4,14.29,5.35,99,17.7
18554,2009,7,26,6,10,59.79,23.0,25.75,121,19.07,12.52,5.38,99,2.6
18565,2009,7,28,10,56,22.23,24.0,15.15,121,46.43,13.86,4.24,23,6.6
18574,2009,7,28,13,33,3.49,24.0,14.5,121,45.46,13.82,4.21,16,7.3
18582,2009,7,28,22,42,47.47,24.0,15.71,121,45.12,12.73,3.75,5,5.1
18586,2009,7,29,13,9,46.83,24.0,15.21,121,46.65,14.39,4.66,63,6.6
18590,2009,7,29,16,53,6.06,22.0,3.22,120,28.95,41.33,5.75,92,23.7
18591,2009,7,29,18,28,4.2,24.0,15.37,121,47.05,14.35,3.53,7,6.7
18594,2009,7,31,22,27,59.29,21.0,58.5,121,34.78,15.23,3.93,1,7.2
18601,2009,8,2,11,34,47.61,23.0,49.81,121,2.18,22.81,4.76,73,13.7
18610,2009,8,3,7,7,51.82,24.0,6.53,121,40.96,8.91,4.06,19,3.4
18627,2009,8,11,21,41,2.97,23.0,57.89,121,35.01,4.22,4.24,27,1.5
18634,2009,8,17,0,5,45.85,23.0,22.28,123,52.65,43.27,6.75,99,239.1
18640,2009,8,21,20,57,44.74,22.0,21.84,120,27.84,24.27,5.07,99,10.0
18643,2009,8,23,6,49,13.5,24.0,17.96,121,48.28,14.67,4.19,16,5.1
18652,2009,8,27,12,14,39.29,23.0,51.19,121,27.43,17.85,4.1,26,4.1
18669,2009,9,19,9,57,30.07,23.0,26.31,120,45.44,10.07,4.13,21,9.3
18676,2009,9,22,15,59,53.17,24.0,23.42,121,49.77,10.59,4.05,19,8.0
18687,2009,9,28,23,14,49.92,23.0,57.54,121,35.41,6.57,3.52,24,2.0
18691,2009,9,29,22,56,20.48,23.0,20.45,120,23.02,13.71,3.64,18,3.3
18696,2009,10,3,16,3,5.58,23.0,43.21,120,49.35,23.96,3.66,3,21.8
18697,2009,10,3,17,36,6.28,23.0,38.85,121,34.74,29.15,6.09,99,4.4
18707,2009,10,4,6,47,38.01,22.0,47.41,121,3.4,6.62,3.71,21,1.6
18710,2009,10,4,14,2,16.18,24.0,39.86,122,1.56,65.02,4.86,83,18.0
18711,2009,10,4,14,46,43.25,23.0,12.39,121,23.04,20.26,3.89,10,2.0
18724,2009,10,11,6,42,8.68,21.0,55.68,120,37.71,42.0,4.98,15,10.2
18729,2009,10,16,0,52,48.53,23.0,3.2,121,9.78,7.02,3.55,5,0.4
18741,2009,10,22,3,36,51.93,23.0,20.3,120,23.64,16.85,4.35,51,2.7
18744,2009,10,22,20,46,24.33,24.0,16.7,121,46.65,20.19,4.9,99,3.3
18774,2009,11,5,9,32,57.66,23.0,47.34,120,43.12,24.08,6.15,99,4.4
18777,2009,11,5,9,38,7.32,23.0,47.5,120,42.83,24.46,4.6,99,4.2
18779,2009,11,5,11,34,21.26,23.0,46.13,120,45.31,23.95,5.74,99,7.0
18781,2009,11,5,13,4,20.29,23.0,57.6,121,36.14,7.47,3.94,26,1.3
18786,2009,11,5,19,25,43.04,23.0,57.58,121,36.09,5.98,4.04,32,1.4
18790,2009,11,6,3,23,34.15,23.0,45.71,120,45.35,22.32,3.58,15,7.0
18794,2009,11,8,2,34,32.25,24.0,23.64,121,49.69,10.43,3.63,8,7.6
18817,2009,11,16,17,49,15.78,23.0,25.3,120,30.79,10.42,3.96,40,4.2
18825,2009,11,22,18,56,31.15,22.0,52.2,120,39.43,17.69,3.75,6,1.9
18840,2009,12,7,6,5,28.4,23.0,44.44,121,24.31,20.12,3.64,6,3.9
18847,2009,12,7,16,57,6.89,24.0,37.89,121,43.8,9.49,3.61,40,1.5
18849,2009,12,11,20,46,45.61,23.0,30.85,120,42.98,10.52,4.6,34,7.2
18851,2009,12,13,8,13,25.13,23.0,49.87,121,27.8,18.76,4.57,47,1.6
18855,2009,12,15,2,9,1.01,24.0,17.77,121,49.72,13.81,3.93,9,7.6
18859,2009,12,19,13,2,16.34,23.0,47.28,121,39.8,43.78,6.92,99,10.2
18881,2009,12,23,16,51,51.52,23.0,53.8,121,36.17,23.46,4.34,40,0.8
18883,2009,12,24,9,48,44.83,23.0,59.43,121,37.88,9.1,3.83,25,0.1
18884,2009,12,25,13,0,15.67,24.0,24.31,121,49.34,14.0,4.36,77,6.3
18905,2010,1,1,17,34,46.12,23.0,47.07,121,37.65,33.74,4.92,57,6.6
18908,2010,1,4,19,27,37.38,24.0,11.05,121,49.97,46.05,5.46,99,15.0
18925,2010,1,13,10,14,47.73,24.0,3.51,121,32.44,19.61,4.42,57,5.9
18933,2010,1,19,6,9,26.79,23.0,49.29,121,40.55,41.01,5.61,99,11.8
18940,2010,1,26,19,53,13.28,24.0,36.03,121,20.84,9.43,3.76,17,5.0
18942,2010,1,27,15,29,27.27,24.0,2.99,121,38.65,8.26,3.89,25,4.3
18966,2010,2,9,12,55,35.83,24.0,10.38,121,34.42,20.08,3.87,24,5.3
18970,2010,2,12,2,42,38.62,23.0,53.83,121,4.63,18.39,5.23,99,10.1
18983,2010,2,28,0,39,16.31,23.0,58.47,121,42.35,34.24,4.16,11,8.6
18985,2010,3,4,0,18,52.14,22.0,58.15,120,42.4,22.64,6.42,99,8.1
18987,2010,3,4,0,24,47.3,22.0,59.01,120,37.33,19.6,4.71,75,1.8
19018,2010,3,4,8,7,59.66,22.0,58.36,120,37.05,16.83,4.44,29,3.0
19019,2010,3,4,8,16,16.34,22.0,57.47,120,38.07,19.02,5.72,99,4.2
19021,2010,3,4,8,27,18.12,22.0,57.6,120,39.5,18.18,4.3,12,4.8
19023,2010,3,4,9,47,3.52,22.0,57.44,120,37.54,18.52,4.3,34,4.3
19028,2010,3,4,16,5,58.27,23.0,0.38,120,34.26,18.41,3.99,11,6.5
19032,2010,3,6,9,29,34.68,23.0,53.26,121,28.02,17.61,3.78,18,4.5
19034,2010,3,8,9,26,22.93,23.0,24.02,120,33.22,15.29,4.92,99,3.1
19038,2010,3,9,5,31,47.31,22.0,58.1,120,38.9,17.13,4.13,11,13.2
19040,2010,3,9,5,52,19.95,23.0,57.6,121,0.07,6.67,4.41,21,0.4
19043,2010,3,9,6,11,9.74,23.0,57.8,121,0.1,8.47,3.53,4,0.5
19079,2010,3,24,9,7,48.22,23.0,20.08,121,29.65,29.9,4.12,8,3.5
19103,2010,4,10,16,45,25.26,21.0,49.04,121,40.74,17.58,3.85,1,27.4
19104,2010,4,11,4,57,30.53,23.0,16.04,122,5.97,30.3,5.4,99,65.3
19109,2010,4,13,14,29,28.84,23.0,9.23,121,18.15,8.94,4.64,33,5.9
19117,2010,4,13,20,49,8.18,23.0,9.12,121,18.21,9.21,4.89,34,6.1
19119,2010,4,13,20,55,55.05,23.0,8.2,121,17.11,5.1,4.09,16,5.5
19137,2010,4,25,11,14,12.27,22.0,0.69,121,25.89,15.09,4.9,1,13.4
19140,2010,4,26,20,53,56.19,23.0,7.7,121,25.89,11.83,3.59,8,6.9
19144,2010,4,29,16,1,10.38,23.0,14.85,120,24.92,9.23,3.5,9,3.2
19145,2010,4,30,3,21,47.17,23.0,12.97,121,23.19,19.24,4.19,16,2.9
19151,2010,5,2,18,0,13.47,22.0,57.61,120,32.46,18.42,4.57,81,1.8
19182,2010,5,25,4,1,33.26,22.0,56.72,120,40.61,19.48,3.74,2,6.7
19203,2010,6,10,14,47,26.66,23.0,46.6,121,3.21,31.36,4.35,50,16.8
19204,2010,6,10,21,8,41.2,24.0,3.29,121,36.96,16.25,3.69,21,1.8
19206,2010,6,13,21,11,25.12,24.0,36.14,121,21.04,8.84,4.33,51,5.4
19209,2010,6,14,17,17,45.78,24.0,3.07,121,37.55,16.4,4.83,60,2.8
19210,2010,6,15,0,31,17.99,24.0,2.57,121,37.27,16.73,5.53,99,2.6
19212,2010,6,16,6,23,45.96,22.0,54.59,120,38.01,17.44,4.18,12,4.2
19215,2010,6,16,9,56,20.11,24.0,3.2,121,38.16,16.31,4.0,27,3.8
19217,2010,6,18,1,8,43.59,24.0,7.38,121,43.23,10.81,4.7,50,6.8
19226,2010,6,21,11,49,59.53,22.0,23.97,120,58.15,12.6,4.04,9,7.5
19232,2010,6,26,18,5,51.8,24.0,39.01,121,33.66,67.96,5.11,99,1.9
19238,2010,7,2,19,11,32.4,22.0,51.3,120,40.9,17.8,5.14,99,3.8
19246,2010,7,7,15,15,43.11,22.0,20.78,121,52.53,37.29,4.5,1,47.3
19247,2010,7,8,19,43,37.51,24.0,20.83,122,2.19,19.27,5.25,99,27.0
19248,2010,7,9,0,41,19.52,24.0,41.75,122,36.76,113.62,5.77,94,76.9
19272,2010,7,24,23,41,10.09,24.0,18.03,121,37.48,23.52,3.58,6,12.6
19273,2010,7,25,3,52,10.21,22.0,50.33,120,41.61,19.6,5.65,99,11.8
19289,2010,7,31,14,49,5.95,22.0,56.69,120,36.4,17.09,4.71,81,7.3
19311,2010,8,19,7,11,21.25,24.0,0.28,121,37.42,5.13,3.51,20,1.5
19314,2010,8,19,7,45,30.14,23.0,59.44,121,36.89,7.04,3.82,30,0.9
19318,2010,8,21,16,38,0.03,23.0,35.07,121,35.32,40.15,5.32,99,7.2
19319,2010,8,21,18,39,21.61,24.0,48.59,121,55.1,9.74,4.65,92,4.4
19320,2010,8,21,18,48,0.71,24.0,48.43,121,55.2,5.73,4.8,99,4.5
19327,2010,8,28,14,1,9.86,24.0,26.32,121,49.46,21.11,3.56,6,3.9
19332,2010,8,30,8,45,9.31,24.0,57.18,122,12.36,15.02,5.16,99,21.9
19343,2010,9,7,5,27,39.22,23.0,43.66,121,30.6,9.71,3.79,9,4.4
19351,2010,9,8,2,36,46.67,23.0,27.41,121,18.78,12.34,3.76,8,4.0
19352,2010,9,9,13,30,8.35,24.0,28.17,121,54.99,29.5,4.53,36,10.2
19366,2010,9,15,8,47,22.99,23.0,12.16,121,21.9,17.56,4.37,22,6.8
19374,2010,9,20,3,17,8.05,23.0,40.76,121,37.09,36.23,5.08,99,7.9
19390,2010,9,28,13,10,12.6,24.0,6.77,121,40.19,10.23,4.32,42,2.1
19391,2010,9,28,17,33,53.18,24.0,7.54,121,41.79,9.01,5.02,99,4.3
19407,2010,9,29,4,17,35.87,24.0,8.15,121,41.82,11.17,3.88,7,4.5
19413,2010,9,29,18,5,59.45,22.0,43.12,121,1.43,6.91,3.59,16,2.3
19431,2010,10,2,19,23,12.36,24.0,21.51,121,47.95,19.38,5.09,99,6.9
19443,2010,10,8,5,5,57.77,24.0,2.93,121,30.48,18.24,3.51,23,8.4
19445,2010,10,8,15,52,52.7,23.0,17.18,120,31.8,4.47,3.67,9,3.8
19455,2010,10,12,8,28,38.91,24.0,47.29,121,52.79,9.49,4.0,38,6.8
19470,2010,10,19,7,19,11.68,22.0,37.24,121,1.28,7.68,4.12,28,1.7
19471,2010,10,19,17,20,15.67,24.0,46.58,120,52.11,5.47,3.62,7,5.4
19472,2010,10,19,22,32,15.87,23.0,14.5,121,3.68,4.1,4.32,17,7.1
19491,2010,10,29,14,56,37.8,24.0,13.79,121,43.45,13.0,3.72,7,9.0
19495,2010,10,29,15,27,41.29,24.0,13.96,121,43.61,16.14,4.39,44,7.8
19499,2010,10,29,15,30,15.83,24.0,13.72,121,43.92,13.69,4.4,33,8.1
19505,2010,10,29,15,53,40.95,24.0,13.98,121,43.4,12.63,4.03,14,8.7
19528,2010,11,8,13,1,20.95,23.0,12.32,120,24.82,17.46,5.16,99,6.9
19535,2010,11,9,18,30,53.42,24.0,33.34,121,49.16,8.3,4.3,52,3.3
19549,2010,11,10,9,37,0.12,22.0,52.58,121,15.15,15.01,3.99,12,2.1
19559,2010,11,12,15,39,0.61,22.0,11.23,120,36.87,37.99,5.34,66,8.0
19572,2010,11,15,19,39,1.43,23.0,36.21,120,38.83,6.01,3.55,15,4.4
19573,2010,11,16,3,0,35.43,24.0,6.21,121,39.71,12.27,4.47,38,2.5
19575,2010,11,17,11,36,5.92,24.0,24.19,121,49.68,12.6,3.7,15,7.1
19576,2010,11,17,17,1,21.79,24.0,6.1,121,38.62,12.82,4.01,24,2.7
19577,2010,11,17,20,16,35.25,23.0,13.31,120,24.73,17.35,3.52,16,8.5
19588,2010,11,18,18,14,10.93,24.0,33.1,121,50.71,9.19,4.1,48,2.7
19600,2010,11,21,12,31,45.64,23.0,51.15,121,41.14,46.87,6.14,99,10.2
19616,2010,11,26,15,13,44.65,24.0,12.28,121,47.74,13.45,4.84,39,11.2
19623,2010,11,28,17,35,43.44,23.0,14.38,121,21.53,13.78,4.2,15,5.7
19626,2010,12,6,2,14,12.4,23.0,40.66,121,25.56,24.84,5.16,99,0.7
19629,2010,12,7,2,46,14.92,22.0,57.84,121,22.16,40.51,5.05,45,6.7
19653,2010,12,25,7,48,8.63,22.0,42.14,120,43.49,22.55,3.83,4,4.8
19657,2011,1,1,23,34,0.35,24.0,27.36,121,51.5,8.65,3.93,17,5.7
19669,2011,1,10,0,37,24.01,24.0,24.0,121,49.69,13.23,3.7,13,7.5
19673,2011,1,10,22,41,44.7,24.0,35.31,122,2.74,13.25,4.37,49,17.6
19686,2011,1,25,12,22,52.14,24.0,10.19,120,53.99,10.44,3.96,6,0.4
19698,2011,1,31,20,53,15.77,24.0,12.33,121,47.66,15.6,4.86,50,12.2
19699,2011,2,1,8,16,31.54,24.0,12.52,121,48.28,18.34,5.46,99,11.2
19726,2011,2,7,5,55,2.01,24.0,7.05,121,39.44,13.84,4.61,61,0.9
19753,2011,2,20,20,15,45.26,23.0,12.62,121,24.58,21.8,3.86,4,2.5
19758,2011,3,1,2,32,0.18,22.0,30.56,120,58.32,12.4,3.63,2,9.7
19760,2011,3,2,6,49,31.03,24.0,7.2,121,42.76,8.28,3.87,6,6.0
19794,2011,3,16,13,12,16.55,22.0,33.44,120,40.82,34.89,4.65,61,6.3
19800,2011,3,18,21,56,46.85,24.0,29.08,121,56.16,18.42,4.3,44,11.1
19804,2011,3,20,8,0,51.19,22.0,26.52,121,22.83,27.46,5.77,99,27.2
19807,2011,3,20,16,49,29.6,23.0,56.92,121,29.03,19.82,3.86,49,2.1
19828,2011,3,30,4,22,31.92,23.0,56.59,121,28.55,19.23,4.73,70,3.0
19840,2011,4,1,1,28,24.22,23.0,56.79,121,28.46,19.19,3.74,22,2.8
19852,2011,4,5,13,52,10.29,24.0,18.03,121,46.05,15.68,3.59,5,1.4
19861,2011,4,7,13,3,38.95,24.0,17.73,121,45.81,18.56,3.91,9,1.0
19862,2011,4,8,5,2,51.81,24.0,17.37,121,45.93,18.76,3.94,9,1.5
19879,2011,4,16,12,48,58.24,24.0,26.08,121,44.12,7.46,3.9,20,1.7
19908,2011,4,30,8,35,38.35,24.0,39.02,121,48.51,75.02,5.81,99,1.7
19913,2011,5,3,15,52,34.41,23.0,56.07,121,42.32,41.15,5.22,99,9.7
19923,2011,5,6,21,31,50.74,23.0,13.7,121,25.56,23.16,4.69,37,2.2
19926,2011,5,7,8,35,33.35,24.0,27.93,121,57.88,13.48,4.55,99,14.7
19950,2011,5,22,1,34,11.94,24.0,7.05,121,45.83,6.05,4.97,60,11.2
19962,2011,5,24,6,12,12.22,24.0,28.71,121,55.33,18.74,3.75,6,10.2
19963,2011,5,24,18,32,5.11,23.0,26.79,121,32.07,36.85,4.65,12,4.7
19974,2011,5,30,5,9,51.79,22.0,45.84,121,2.58,7.31,4.24,23,2.5
19981,2011,6,2,18,8,53.7,23.0,35.56,120,42.28,16.2,4.13,44,2.8
19996,2011,6,9,4,38,20.71,24.0,28.19,121,56.2,19.82,3.86,23,11.9
19997,2011,6,10,1,25,22.11,23.0,35.36,121,35.13,34.87,5.07,99,6.7
19999,2011,6,12,10,4,45.15,23.0,57.32,121,36.38,8.55,3.67,27,1.8
20003,2011,6,14,21,17,5.31,24.0,2.28,121,30.98,20.61,4.22,54,7.0
20006,2011,6,16,15,32,55.06,24.0,48.03,121,48.66,12.22,4.1,69,0.3
20028,2011,6,24,5,43,8.78,22.0,48.82,121,6.62,6.85,3.62,12,1.8
20033,2011,6,26,13,19,14.12,23.0,50.7,120,59.83,14.78,5.01,95,8.6
20035,2011,6,27,7,26,6.68,23.0,14.55,120,26.23,9.3,3.68,13,4.4
20066,2011,7,6,5,22,57.98,24.0,14.63,121,46.61,15.64,4.48,26,6.5
20071,2011,7,6,11,58,59.74,24.0,13.9,121,47.4,17.61,4.92,52,8.3
20085,2011,7,7,14,53,8.9,24.0,13.38,121,45.45,16.81,3.95,12,8.4
20087,2011,7,7,15,52,19.5,24.0,13.75,121,45.5,15.72,4.33,25,7.7
20102,2011,7,9,4,37,4.85,24.0,15.02,121,47.58,20.21,4.03,16,6.7
20112,2011,7,12,11,17,10.97,23.0,30.73,121,31.46,31.23,5.28,99,3.5
20116,2011,7,14,21,12,18.69,24.0,15.16,121,46.53,14.09,4.36,25,5.5
20120,2011,7,14,22,27,35.23,24.0,15.28,121,46.01,15.92,3.78,12,5.0
20122,2011,7,16,1,16,24.02,24.0,47.64,121,13.98,12.0,3.77,17,5.1
20123,2011,7,16,7,54,3.37,24.0,14.33,121,45.45,13.8,3.53,8,7.7
20124,2011,7,17,18,45,23.86,23.0,49.63,121,35.31,25.92,4.6,47,5.1
20130,2011,7,19,3,54,32.51,22.0,21.94,120,58.76,9.98,4.27,8,7.9
20134,2011,7,19,14,1,10.34,24.0,0.74,121,33.15,14.16,4.81,67,2.4
20156,2011,7,29,11,18,57.08,24.0,28.27,121,57.09,14.09,3.5,9,13.2
20161,2011,8,4,4,11,52.85,23.0,17.03,121,21.74,12.91,3.65,4,6.9
20168,2011,8,7,14,30,57.42,23.0,57.82,120,40.04,23.92,3.61,18,6.1
20172,2011,8,10,19,25,54.87,23.0,23.22,121,43.34,26.96,4.48,15,24.0
20189,2011,8,23,17,29,8.35,23.0,45.25,121,32.0,8.66,3.77,14,3.5
20192,2011,8,25,9,35,13.71,23.0,7.63,121,54.86,25.22,4.89,11,51.8
20197,2011,8,28,15,5,25.64,23.0,57.43,121,36.82,6.9,3.73,21,1.7
20202,2011,8,31,11,22,32.03,21.0,46.59,120,58.82,29.48,4.83,20,18.9
20213,2011,9,9,3,26,59.13,22.0,18.41,120,59.28,10.38,4.96,31,10.3
20219,2011,9,9,6,22,54.73,22.0,19.4,120,58.89,10.69,4.02,7,8.8
20242,2011,9,21,22,18,33.38,24.0,5.19,121,40.37,17.18,5.13,91,4.7
20248,2011,9,22,0,55,58.24,24.0,4.95,121,40.2,16.98,4.15,25,5.0
20249,2011,9,22,1,0,58.96,23.0,46.76,121,40.1,26.02,4.79,63,10.8
20252,2011,9,22,4,39,8.72,22.0,51.07,121,19.36,19.84,3.66,4,9.0
20268,2011,10,4,22,54,13.55,24.0,39.4,121,11.08,6.36,3.67,16,5.3
20273,2011,10,9,15,54,25.68,22.0,30.79,120,59.02,15.94,4.61,21,2.8
20278,2011,10,12,2,14,38.81,24.0,42.52,121,20.25,9.37,3.8,24,3.5
20281,2011,10,12,7,40,12.18,23.0,6.24,121,5.24,5.42,3.57,4,5.0
20287,2011,10,18,16,48,29.78,24.0,22.03,121,28.44,8.53,3.54,7,12.2
20300,2011,10,26,19,11,18.17,23.0,14.83,120,19.74,10.18,3.55,15,3.2
20305,2011,10,28,7,59,0.07,23.0,15.07,120,19.78,9.73,3.56,21,3.5
20321,2011,11,4,17,59,12.8,24.0,21.49,121,29.33,6.74,3.77,7,14.0
20325,2011,11,6,9,36,35.39,23.0,14.87,120,20.0,9.94,4.04,31,3.0
20346,2011,11,15,18,59,41.08,24.0,21.87,121,28.97,7.0,3.83,5,13.1
20360,2011,11,19,14,35,16.75,22.0,40.86,120,51.82,7.92,3.91,13,13.8
20363,2011,11,20,19,14,33.36,23.0,40.28,121,34.26,30.95,4.27,18,4.2
20378,2011,12,2,0,55,24.19,23.0,0.51,121,20.04,21.09,4.78,48,2.0
20379,2011,12,3,1,30,17.98,23.0,55.77,121,28.34,18.36,3.87,37,4.5
20381,2011,12,4,10,13,4.43,24.0,39.8,122,2.94,62.8,4.93,99,20.8
20383,2011,12,4,18,52,51.68,23.0,59.2,121,6.03,6.5,3.52,6,2.7
20385,2011,12,5,12,30,45.09,23.0,22.08,121,17.34,12.56,4.48,26,2.5
20399,2011,12,11,22,7,58.73,24.0,14.07,121,39.39,18.54,3.97,31,8.1
20405,2011,12,15,0,35,41.56,23.0,42.98,121,46.39,32.81,4.6,52,22.9
20411,2011,12,16,19,45,14.54,23.0,45.33,121,35.11,9.95,4.05,16,4.2
20438,2012,1,4,6,53,46.32,23.0,57.64,121,36.22,8.91,3.84,29,1.2
20439,2012,1,4,6,59,57.27,23.0,58.21,121,36.17,7.43,4.66,44,0.4
20449,2012,1,6,21,40,39.68,23.0,7.85,120,29.13,13.74,3.72,4,7.1
20452,2012,1,9,4,26,48.03,23.0,59.66,121,37.63,8.17,4.22,34,0.6
20504,2012,1,16,9,55,44.63,24.0,24.7,121,55.01,20.44,4.34,27,13.0
20512,2012,1,18,6,57,4.28,23.0,30.55,120,37.33,9.09,4.16,39,4.4
20516,2012,1,19,22,6,56.87,24.0,31.23,122,2.98,13.84,4.39,47,21.3
20526,2012,1,23,8,54,39.02,23.0,57.61,121,6.38,7.77,3.72,5,5.3
20531,2012,1,26,15,16,55.17,23.0,57.11,121,37.89,7.77,3.66,20,3.2
20555,2012,2,5,16,25,11.27,22.0,23.87,121,2.87,13.4,4.73,20,13.1
20558,2012,2,6,3,48,27.79,22.0,25.44,121,1.94,11.79,4.37,18,10.3
20562,2012,2,6,10,40,27.74,22.0,25.59,121,0.76,12.65,3.67,5,8.4
20586,2012,2,23,3,30,34.12,24.0,0.34,121,37.71,9.85,3.79,26,1.3
20587,2012,2,23,5,49,48.7,24.0,1.12,121,37.16,9.1,3.58,22,0.4
20590,2012,2,24,4,10,35.21,24.0,1.3,121,36.33,9.94,3.73,27,0.3
20615,2012,2,26,2,35,0.43,22.0,45.14,120,45.28,26.31,6.35,99,2.5
20625,2012,2,29,17,50,51.09,24.0,1.6,121,36.74,8.83,3.6,23,0.9
20639,2012,3,1,2,45,43.22,23.0,47.27,121,25.5,18.09,4.25,31,3.1
20682,2012,3,21,23,44,38.28,23.0,15.07,121,35.13,42.5,5.03,71,15.5
20690,2012,3,24,15,3,0.99,24.0,21.97,121,29.3,5.79,4.21,13,13.4
20725,2012,4,8,9,33,32.41,24.0,7.46,121,42.77,10.77,3.74,6,6.0
20732,2012,4,12,9,31,30.07,23.0,19.88,120,24.9,14.08,3.6,19,2.4
20733,2012,4,12,10,39,25.05,23.0,19.98,120,24.89,12.8,4.56,99,2.2
20734,2012,4,12,11,25,45.69,23.0,20.28,120,25.01,13.33,3.95,43,1.7
20741,2012,4,18,6,29,26.51,24.0,8.05,121,40.16,28.81,4.02,15,3.5
20743,2012,4,19,1,58,8.57,24.0,8.07,121,40.15,29.09,5.46,99,1.9
20751,2012,4,27,14,48,35.79,23.0,47.63,121,44.04,44.26,5.01,99,17.5
20754,2012,4,27,21,8,18.01,22.0,43.7,120,44.02,23.98,4.43,24,1.9
20806,2012,5,22,10,34,44.0,23.0,12.13,121,0.84,7.11,3.53,4,2.0
20811,2012,5,24,3,20,56.78,24.0,18.35,121,49.0,13.86,3.69,4,6.9
20819,2012,5,27,3,45,43.74,24.0,18.15,121,49.15,14.48,3.62,2,7.1
20830,2012,5,30,7,25,41.96,23.0,12.45,121,0.69,6.64,4.68,25,2.7
20833,2012,5,31,6,58,18.56,24.0,23.32,121,29.3,5.24,4.06,12,12.1
20837,2012,6,1,22,25,57.18,23.0,11.79,120,27.66,12.87,3.9,24,2.9
20841,2012,6,3,0,1,2.03,23.0,12.47,121,0.68,6.68,3.58,5,2.7
20847,2012,6,6,1,8,34.74,22.0,26.32,121,25.19,18.43,5.89,99,26.5
20855,2012,6,7,22,22,43.3,22.0,55.32,120,34.59,15.45,4.46,23,4.2
20860,2012,6,9,4,41,19.83,22.0,55.14,120,33.95,15.05,4.94,59,3.2
20863,2012,6,9,21,0,18.19,24.0,27.54,122,18.41,69.88,6.62,99,46.8
20867,2012,6,10,6,23,29.05,23.0,54.61,121,39.97,39.59,4.8,68,6.6
20883,2012,6,13,8,22,20.4,24.0,45.72,121,15.65,10.22,4.66,68,5.4
20887,2012,6,13,14,41,6.13,24.0,45.76,121,15.7,10.19,4.59,86,5.4
20890,2012,6,13,21,7,28.04,24.0,46.24,121,14.99,9.91,3.63,14,6.6
20893,2012,6,14,4,7,59.86,23.0,43.34,121,31.79,6.22,4.52,22,2.4
20907,2012,6,14,16,15,13.37,23.0,42.62,121,32.67,6.46,5.34,70,0.4
20919,2012,6,14,16,21,58.76,23.0,44.04,121,31.83,6.02,3.84,7,3.4
20937,2012,6,14,16,53,21.55,23.0,41.84,121,30.6,7.01,3.63,7,3.1
20938,2012,6,14,17,9,31.37,23.0,43.24,121,32.87,5.97,4.07,12,1.4
20941,2012,6,14,17,37,49.61,23.0,42.86,121,32.54,8.56,3.52,8,0.9
20947,2012,6,14,18,26,0.0,23.0,41.55,121,31.83,6.17,4.39,15,2.4
20949,2012,6,14,18,28,9.0,23.0,42.48,121,31.4,6.94,3.56,10,2.5
20951,2012,6,14,19,30,55.76,23.0,44.11,121,31.75,5.21,4.76,33,3.6
20962,2012,6,14,20,21,33.36,23.0,44.76,121,30.63,8.11,4.01,12,2.3
20974,2012,6,15,2,52,27.81,23.0,42.39,121,31.68,7.78,3.6,6,2.0
21013,2012,6,17,7,34,18.16,23.0,42.99,121,30.62,6.62,3.93,11,3.9
21016,2012,6,17,9,1,52.07,23.0,40.83,121,32.09,6.51,4.99,31,3.3
21017,2012,6,17,9,2,58.77,23.0,41.48,121,31.37,1.26,4.22,11,3.1
21018,2012,6,17,9,7,52.93,23.0,40.59,121,31.42,6.92,4.37,13,4.2
21020,2012,6,17,9,9,36.86,23.0,41.95,121,32.75,1.3,4.41,17,1.0
21039,2012,6,17,15,48,4.0,23.0,40.43,121,31.79,3.13,3.88,9,4.2
21043,2012,6,17,18,52,9.55,23.0,41.95,121,32.89,3.1,4.46,17,1.0
21059,2012,6,18,13,32,2.87,23.0,40.39,121,32.16,6.21,4.05,10,4.0
21067,2012,6,18,18,3,49.63,23.0,40.7,121,32.32,4.75,3.85,9,3.4
21077,2012,6,19,23,42,48.63,23.0,40.83,121,30.49,6.15,4.16,12,2.7
21080,2012,6,20,8,55,21.61,24.0,2.72,121,39.69,7.59,3.75,27,5.1
21092,2012,6,21,23,6,7.09,23.0,44.02,121,31.94,8.12,3.69,8,3.3
21124,2012,7,7,12,35,41.44,23.0,12.03,121,0.72,6.69,3.85,3,2.0
21125,2012,7,7,12,38,36.02,23.0,12.35,121,0.73,5.73,3.57,3,2.5
21139,2012,7,17,1,58,15.33,23.0,54.7,121,29.03,15.14,3.59,6,5.1
21150,2012,7,22,22,12,18.62,24.0,22.49,122,0.5,20.92,4.33,9,23.1
21163,2012,7,27,16,21,54.1,22.0,58.1,121,11.89,8.71,3.84,13,4.4
21171,2012,8,3,22,43,42.7,22.0,49.29,120,43.7,18.6,4.32,9,12.4
21184,2012,8,14,10,55,43.35,24.0,3.16,121,30.68,21.83,5.18,99,8.5
21200,2012,8,16,2,10,35.08,23.0,44.5,121,31.22,8.86,3.55,10,3.2
21202,2012,8,16,17,41,0.46,24.0,3.29,121,30.25,22.24,4.64,60,9.2
21204,2012,8,17,15,39,4.63,24.0,22.26,121,28.28,8.01,3.84,6,11.7
21206,2012,8,17,20,20,2.97,23.0,22.52,121,29.09,26.0,5.2,67,2.8
21211,2012,8,19,19,3,42.48,24.0,22.03,121,28.67,7.06,3.66,4,12.5
21224,2012,8,21,17,22,30.09,23.0,11.36,121,0.86,6.95,3.62,6,1.1
21225,2012,8,22,16,51,31.61,24.0,2.23,121,31.1,18.13,3.79,43,6.8
21239,2012,8,29,14,24,17.19,22.0,59.78,121,25.75,15.62,4.15,20,10.6
21242,2012,8,31,12,11,39.63,24.0,43.44,120,52.67,10.01,5.04,90,3.6
21243,2012,8,31,12,23,54.18,24.0,43.5,120,52.75,9.86,4.81,58,3.4
21253,2012,9,4,20,0,18.32,22.0,13.18,121,2.02,9.91,5.22,32,20.2
21283,2012,9,24,21,57,33.41,22.0,51.76,121,17.38,17.45,4.66,33,5.5
21287,2012,9,26,10,51,6.66,24.0,24.55,121,29.16,5.95,3.6,11,10.6
21300,2012,10,13,7,0,35.74,23.0,56.22,121,1.97,21.06,4.45,37,3.8
21301,2012,10,13,8,27,51.07,24.0,3.64,121,29.81,23.74,4.28,59,9.5
21303,2012,10,13,18,10,42.43,24.0,24.2,121,29.27,6.05,3.82,14,11.1
21319,2012,10,25,10,31,17.59,22.0,25.7,120,22.05,40.73,5.44,99,9.0
21324,2012,10,28,2,26,22.74,23.0,11.3,121,16.21,10.78,3.6,7,2.5
21335,2012,11,5,13,40,29.74,23.0,46.72,121,26.17,14.05,4.86,79,2.2
21338,2012,11,6,16,36,31.67,22.0,38.28,120,51.88,7.5,3.93,15,11.0
21343,2012,11,10,2,22,31.79,22.0,38.13,120,52.15,7.24,4.11,15,10.5
21344,2012,11,10,4,42,56.11,23.0,20.45,121,38.35,26.58,4.04,5,17.6
21353,2012,11,13,6,11,50.1,24.0,23.52,121,29.31,5.61,3.81,13,12.0
21363,2012,11,20,17,9,1.67,22.0,28.01,121,21.35,26.86,5.4,78,25.7
21376,2012,11,28,19,43,51.22,23.0,23.62,120,38.9,11.41,4.0,25,6.7
21378,2012,11,29,18,29,40.97,22.0,36.49,121,0.64,7.64,3.99,22,0.9
21381,2012,12,2,17,45,36.94,23.0,58.9,121,34.66,11.79,5.02,63,1.6
21382,2012,12,2,19,43,31.03,23.0,58.1,121,33.74,11.75,4.83,63,0.5
21384,2012,12,5,8,45,41.63,23.0,48.14,121,28.92,10.81,4.21,37,2.1
21406,2012,12,11,10,32,4.39,24.0,3.84,121,38.83,27.72,4.75,64,4.7
21409,2012,12,13,11,26,38.65,23.0,59.08,121,1.91,15.0,3.76,8,3.9
21421,2012,12,22,7,42,30.81,23.0,10.55,120,59.17,7.1,3.51,3,4.2
21423,2012,12,23,6,13,4.22,24.0,19.07,121,27.62,5.15,4.56,66,12.3
21440,2012,12,30,16,3,25.79,23.0,27.98,120,54.43,4.41,5.28,99,5.8
21452,2013,1,2,12,1,46.45,23.0,58.21,121,44.27,7.13,4.65,27,11.0
21458,2013,1,3,14,0,15.64,23.0,59.05,121,43.83,6.82,4.46,25,10.1
21459,2013,1,3,14,37,38.81,23.0,59.03,121,44.29,6.97,4.32,28,10.8
21460,2013,1,3,18,8,4.97,23.0,59.5,121,43.81,6.77,4.71,40,10.0
21465,2013,1,8,5,0,15.79,22.0,49.47,121,2.12,8.8,3.91,17,4.6
21470,2013,1,14,14,27,31.18,22.0,47.83,121,14.76,15.67,4.04,23,5.3
21476,2013,1,17,8,30,41.85,24.0,26.34,121,58.71,13.65,5.08,99,17.3
21486,2013,1,18,7,14,4.53,23.0,10.23,120,58.36,6.12,3.56,3,5.7
21487,2013,1,19,0,30,17.88,24.0,24.74,121,58.41,47.74,4.19,8,20.1
21500,2013,1,27,20,36,38.66,24.0,20.86,120,58.52,6.97,3.62,9,3.2
21514,2013,2,2,3,39,52.44,23.0,44.83,121,58.69,35.04,5.6,99,42.1
21517,2013,2,3,7,37,19.55,24.0,16.26,121,48.53,15.69,3.52,5,7.3
21525,2013,2,6,9,0,9.7,24.0,26.57,121,58.53,14.45,4.24,14,16.8
21526,2013,2,6,11,58,18.99,24.0,6.12,121,31.59,21.16,4.49,71,8.3
21541,2013,2,13,21,41,8.99,23.0,58.54,121,4.35,10.85,3.67,8,2.8
21546,2013,2,17,1,32,7.36,24.0,19.03,121,26.93,6.33,4.64,89,12.2
21547,2013,2,17,1,37,5.91,24.0,19.23,121,26.56,6.26,3.93,21,11.8
21556,2013,2,19,2,12,45.59,23.0,21.17,120,33.17,15.14,4.61,94,3.9
21558,2013,2,19,6,52,39.37,22.0,54.75,120,36.01,15.61,4.7,49,6.0
21566,2013,2,21,18,33,7.19,24.0,18.7,121,27.08,5.29,4.36,40,11.6
21571,2013,2,21,18,35,57.11,24.0,18.54,121,26.58,6.44,4.77,58,11.3
21599,2013,3,4,8,42,24.02,23.0,0.11,121,19.74,23.71,4.61,41,2.8
21607,2013,3,6,11,49,42.71,24.0,26.59,121,58.47,13.4,4.44,25,16.7
21609,2013,3,7,3,36,45.68,24.0,18.05,121,27.44,5.55,5.87,99,14.1
21634,2013,3,7,4,28,39.76,24.0,16.92,121,26.28,6.91,3.58,7,8.4
21636,2013,3,7,4,52,42.82,24.0,16.84,121,26.42,7.17,4.26,32,8.2
21646,2013,3,7,7,0,23.39,24.0,17.65,121,26.05,7.35,3.92,14,9.8
21654,2013,3,7,8,7,20.96,24.0,20.15,121,26.96,5.96,4.61,43,11.8
21699,2013,3,12,9,3,44.83,24.0,21.67,121,47.05,51.88,5.04,83,5.8
21723,2013,3,20,6,5,52.94,22.0,39.17,120,50.72,8.58,3.55,10,13.5
21724,2013,3,20,7,22,0.85,24.0,27.25,121,56.88,12.1,4.58,42,13.8
21750,2013,3,27,2,3,19.63,23.0,54.13,121,3.16,19.43,6.24,99,8.0
21764,2013,3,27,3,30,2.28,23.0,55.71,120,59.83,14.02,4.54,23,3.6
21797,2013,3,27,18,46,10.8,23.0,55.86,120,59.47,13.07,4.02,11,3.5
21809,2013,3,28,21,37,38.26,23.0,54.7,121,0.29,14.26,3.63,2,5.3
21821,2013,4,1,6,18,28.87,23.0,52.71,121,2.41,17.39,4.42,25,9.7
21871,2013,4,15,5,57,9.86,24.0,17.14,121,28.88,7.12,4.21,28,9.2
21925,2013,5,3,12,34,20.4,24.0,0.39,121,37.21,9.24,3.53,23,1.4
21975,2013,5,14,20,40,3.77,24.0,2.48,121,39.91,6.85,3.65,14,6.2
21981,2013,5,15,23,46,12.74,23.0,1.19,120,47.62,2.8,4.19,7,13.7
21992,2013,5,17,5,44,12.54,24.0,16.52,121,45.6,14.0,4.32,28,2.7
22001,2013,5,18,9,50,15.84,23.0,14.75,120,25.87,13.27,3.81,21,4.1
22007,2013,5,21,4,21,31.49,24.0,16.86,121,46.13,13.83,3.9,19,2.5
22008,2013,5,21,4,25,46.85,24.0,16.75,121,46.23,14.46,4.86,60,2.7
22033,2013,5,23,6,27,20.35,24.0,5.48,121,31.37,19.86,3.75,39,8.4
22066,2013,6,2,5,43,3.21,23.0,51.69,120,58.45,14.54,6.48,99,7.1
22076,2013,6,2,6,24,14.71,23.0,48.76,120,57.94,13.18,3.93,15,12.4
22085,2013,6,2,10,16,58.51,23.0,51.94,120,58.58,13.95,4.38,42,7.2
22099,2013,6,7,16,38,2.39,23.0,58.99,122,38.82,35.32,6.21,99,98.1
22101,2013,6,7,18,22,18.34,24.0,18.15,121,37.78,23.02,3.51,11,12.1
22113,2013,6,13,19,55,46.13,24.0,19.79,121,26.47,6.16,3.65,11,11.2
22135,2013,6,20,5,18,4.34,24.0,20.1,121,38.16,24.17,3.79,22,10.5
22137,2013,6,20,15,11,8.92,23.0,54.79,121,28.92,15.14,4.06,27,5.2
22142,2013,6,21,13,38,6.66,24.0,17.07,121,29.57,5.31,3.87,14,9.5
22153,2013,6,26,10,19,17.32,24.0,47.47,121,52.24,9.98,4.53,54,5.8
22159,2013,6,28,22,13,2.17,24.0,24.93,121,49.67,12.04,3.5,10,6.0
22162,2013,6,30,4,45,10.99,23.0,59.59,121,0.13,16.27,3.85,3,3.7
22174,2013,6,30,12,36,37.07,23.0,59.84,121,0.7,16.92,3.78,5,4.2
22182,2013,7,3,8,14,34.96,24.0,27.12,121,56.63,12.27,3.86,8,13.6
22191,2013,7,6,4,17,11.76,22.0,50.14,121,19.61,21.24,4.09,11,11.2
22209,2013,7,15,15,1,29.08,23.0,57.47,121,3.0,19.09,4.0,9,4.6
22212,2013,7,16,10,11,35.0,24.0,16.63,121,29.84,4.92,5.45,99,9.0
22228,2013,7,20,19,19,45.21,24.0,17.04,121,29.5,5.14,4.32,29,9.4
22240,2013,7,24,14,47,5.75,23.0,54.42,121,31.51,9.1,4.77,62,0.8
22241,2013,7,24,15,32,15.04,23.0,54.35,121,31.75,10.59,5.03,80,0.4
22242,2013,7,24,15,41,12.83,23.0,53.87,121,31.31,10.94,4.34,39,1.3
22245,2013,7,25,9,12,51.62,23.0,8.83,121,12.17,10.6,3.85,13,0.5
22261,2013,8,2,23,18,42.93,22.0,54.83,121,23.61,21.11,3.65,6,11.1
22272,2013,8,8,22,47,48.66,24.0,15.68,121,44.13,12.96,3.83,15,5.3
22298,2013,8,24,14,46,43.63,23.0,52.96,121,2.99,18.91,4.57,36,9.7
22316,2013,9,1,2,28,7.23,23.0,17.46,120,44.42,13.56,3.99,17,7.6
22320,2013,9,1,6,54,55.92,23.0,17.44,120,44.29,13.42,3.88,3,7.4
22323,2013,9,3,6,24,6.46,24.0,13.09,121,36.96,20.06,3.8,23,6.7
22328,2013,9,5,8,48,2.14,22.0,55.06,121,31.53,18.44,4.28,9,23.4
22354,2013,9,19,12,18,36.81,22.0,52.55,121,7.1,16.05,3.98,21,3.3
22376,2013,9,30,12,5,19.83,23.0,50.81,120,57.52,11.1,4.66,47,6.3
22397,2013,10,15,5,42,2.76,24.0,25.44,121,55.39,21.13,3.51,4,14.9
22398,2013,10,15,7,25,19.73,24.0,17.76,121,49.12,12.92,3.9,6,7.2
22408,2013,10,22,12,8,37.56,24.0,26.86,121,54.07,20.58,4.24,28,10.2
22425,2013,10,31,12,2,9.54,23.0,33.97,121,20.91,14.98,6.42,99,4.3
22444,2013,10,31,13,29,11.24,23.0,34.69,121,24.42,10.36,4.03,10,2.6
22445,2013,10,31,13,45,20.4,23.0,35.06,121,24.05,9.13,4.56,19,1.8
22449,2013,10,31,13,57,11.96,23.0,35.57,121,22.99,9.97,4.63,24,0.6
22454,2013,10,31,14,27,49.0,23.0,37.88,121,25.64,9.76,3.92,12,3.0
22458,2013,10,31,15,47,28.45,23.0,37.88,121,25.53,10.08,5.07,51,3.0
22462,2013,10,31,16,5,19.2,23.0,34.96,121,22.21,8.91,4.35,17,1.5
22472,2013,10,31,19,27,14.54,23.0,40.63,121,24.27,17.14,4.45,25,2.1
22474,2013,10,31,20,30,43.12,23.0,35.72,121,24.46,10.06,4.14,12,2.6
22477,2013,10,31,20,44,1.34,23.0,35.39,121,23.93,9.28,4.14,13,1.6
22484,2013,10,31,23,52,25.48,23.0,41.59,121,26.24,14.07,4.76,47,2.5
22495,2013,11,1,11,52,37.87,23.0,42.31,121,27.55,15.67,3.99,16,3.1
22498,2013,11,1,14,29,37.2,23.0,40.82,121,28.06,10.35,3.96,14,1.6
22503,2013,11,1,16,31,52.29,23.0,43.85,121,26.22,16.53,3.57,8,0.8
22516,2013,11,3,3,43,14.26,23.0,40.65,121,28.16,10.2,4.56,24,1.6
22522,2013,11,3,22,56,14.15,23.0,57.01,121,27.92,25.96,4.91,79,3.3
22536,2013,11,5,16,28,40.93,23.0,38.39,121,22.59,18.0,3.53,10,5.0
22544,2013,11,7,7,25,10.6,24.0,3.65,121,38.12,9.73,4.6,34,3.8
22548,2013,11,7,7,31,41.18,24.0,3.33,121,38.42,9.6,4.51,47,4.3
22590,2013,11,11,23,19,54.03,24.0,5.3,121,38.79,9.86,3.79,17,4.0
22592,2013,11,12,12,8,20.4,23.0,48.42,121,28.77,16.29,4.32,29,1.5
22594,2013,11,12,12,32,55.37,23.0,48.4,121,27.9,16.03,3.86,21,1.6
22595,2013,11,13,6,16,25.0,23.0,18.21,120,16.6,11.0,3.61,23,2.4
22598,2013,11,15,3,26,15.72,23.0,56.98,120,58.95,13.32,3.99,14,1.7
22614,2013,11,22,20,18,47.74,23.0,27.24,120,24.06,10.55,3.51,32,2.2
22618,2013,11,24,10,57,0.45,24.0,17.24,121,45.16,16.93,3.91,10,1.3
22619,2013,11,24,10,59,50.94,24.0,17.37,121,45.36,17.6,3.94,12,1.0
22625,2013,11,26,6,33,49.78,23.0,38.73,121,22.63,19.78,3.56,9,4.7
22673,2013,12,14,11,31,10.77,22.0,48.35,121,22.5,9.44,4.05,11,16.3
22675,2013,12,15,2,7,49.08,23.0,11.06,120,45.73,8.19,3.76,2,2.6
22702,2013,12,25,7,38,55.7,23.0,40.93,121,24.98,19.0,4.33,25,1.5
22742,2014,1,10,20,47,17.38,24.0,24.93,121,54.11,19.13,3.64,13,11.4
22749,2014,1,14,2,21,29.39,23.0,52.77,119,30.44,30.9,4.24,38,34.0
22750,2014,1,14,16,44,27.12,23.0,51.65,120,59.06,14.98,4.97,85,6.4
22751,2014,1,14,18,38,12.98,22.0,53.61,121,4.87,8.29,5.05,63,1.0
22752,2014,1,14,19,50,5.52,22.0,52.93,121,4.85,8.43,5.09,52,2.2
22753,2014,1,14,23,6,43.14,22.0,53.67,121,4.96,8.33,4.53,41,0.9
22754,2014,1,15,10,31,13.21,23.0,38.19,121,23.38,18.66,3.6,11,4.5
22756,2014,1,15,13,26,53.8,22.0,53.73,121,4.25,8.89,3.63,16,1.3
22772,2014,1,22,16,28,37.71,23.0,43.76,121,25.87,21.77,4.27,24,1.4
22774,2014,1,23,12,41,54.38,23.0,39.39,121,24.64,17.29,4.24,18,1.5
22778,2014,1,24,1,43,18.87,23.0,48.22,121,29.24,11.38,4.03,20,2.3
22783,2014,1,25,3,16,11.22,23.0,47.64,121,28.99,11.84,4.71,55,3.0
22789,2014,1,26,1,17,26.21,24.0,29.91,121,57.68,13.44,3.59,14,13.2
22791,2014,1,26,7,50,49.67,22.0,54.49,121,5.12,11.92,3.7,16,0.8
22796,2014,1,29,2,14,52.51,23.0,14.59,121,22.01,17.29,4.42,20,4.8
22804,2014,2,1,1,41,5.4,24.0,27.13,121,57.61,12.71,4.09,18,14.9
22806,2014,2,2,1,45,23.31,23.0,44.39,121,24.91,20.96,3.55,9,3.2
22843,2014,2,11,16,31,2.15,25.0,7.94,121,34.28,6.4,4.21,91,3.0
22848,2014,2,14,14,23,50.27,22.0,54.39,121,4.97,8.21,3.59,13,0.5
22850,2014,2,14,23,31,41.65,22.0,39.01,120,51.08,8.15,3.84,10,12.8
22852,2014,2,15,16,14,17.64,23.0,3.45,120,39.81,16.5,4.31,17,2.0
22855,2014,2,16,22,28,54.43,23.0,37.36,120,32.87,11.09,3.83,45,1.6
22859,2014,2,18,16,19,26.1,24.0,26.54,121,54.75,13.64,3.98,23,11.4
22866,2014,2,21,20,25,17.0,24.0,41.94,121,36.07,60.9,5.6,99,2.0
22894,2014,3,4,16,2,39.69,23.0,13.04,120,43.25,7.62,4.1,12,6.6
22907,2014,3,13,18,32,18.78,24.0,2.15,120,38.72,10.02,3.63,26,5.4
22924,2014,3,20,16,47,23.89,23.0,11.45,120,55.49,5.81,3.87,5,8.9
22935,2014,3,26,12,23,57.19,23.0,17.97,121,25.0,17.17,3.91,14,4.0
22936,2014,3,26,16,12,6.5,23.0,17.77,121,24.46,16.85,3.72,10,5.0
22938,2014,3,26,20,44,30.94,23.0,18.22,121,24.58,17.13,3.9,11,4.5
22946,2014,3,29,12,38,32.85,24.0,20.41,121,25.41,6.58,3.97,17,9.1
22947,2014,3,29,13,44,26.08,24.0,20.46,121,26.15,6.63,3.92,14,10.3
22951,2014,4,1,0,11,22.19,23.0,57.38,121,5.19,30.8,4.37,93,5.0
22957,2014,4,3,6,17,7.79,24.0,20.42,121,25.49,6.98,3.58,6,9.2
22974,2014,4,12,20,5,21.26,23.0,39.22,121,27.1,24.91,3.61,8,2.8
22980,2014,4,16,15,34,26.64,24.0,25.11,121,55.79,16.35,4.14,23,14.0
22997,2014,4,21,9,37,50.13,24.0,23.56,121,48.18,6.07,3.7,9,6.3
23004,2014,4,25,16,33,5.81,23.0,32.86,121,20.88,17.64,4.71,50,5.2
23023,2014,5,3,16,3,14.67,24.0,12.12,121,43.45,14.89,4.27,15,8.6
23024,2014,5,3,16,4,1.94,24.0,13.54,121,42.94,11.99,3.69,10,9.6
23028,2014,5,4,10,33,26.93,24.0,12.67,121,43.42,14.42,3.82,17,9.1
23030,2014,5,4,12,43,36.0,23.0,56.13,121,38.72,35.98,5.23,99,5.5
23054,2014,5,15,20,21,52.22,23.0,9.18,120,29.55,15.0,4.03,40,3.4
23067,2014,5,21,0,21,13.95,23.0,44.1,121,25.95,16.45,5.99,99,1.3
23091,2014,5,24,13,39,42.4,24.0,25.82,121,25.41,5.34,4.07,14,4.3
23098,2014,5,25,12,41,13.24,23.0,3.83,121,9.74,12.74,5.04,53,1.4
23154,2014,5,28,10,59,26.46,23.0,5.19,121,10.48,6.49,3.77,12,1.7
23165,2014,5,30,21,19,7.5,22.0,52.8,121,16.97,17.81,4.36,15,10.4
23168,2014,5,31,2,51,53.0,24.0,41.77,121,6.77,9.2,4.23,42,3.8
23197,2014,6,6,7,36,47.76,23.0,45.18,121,25.01,19.22,4.02,16,3.8
23211,2014,6,14,22,22,43.72,23.0,45.08,121,31.71,6.04,4.58,39,3.2
23224,2014,6,17,21,13,13.02,23.0,45.84,121,32.1,5.4,3.52,11,3.6
23229,2014,6,19,8,28,41.51,23.0,10.8,120,50.5,4.73,3.56,3,8.1
23232,2014,6,19,17,46,33.38,23.0,10.9,120,50.47,4.21,4.05,7,8.1
23245,2014,6,22,12,27,45.05,23.0,47.06,121,27.3,18.7,4.34,37,0.1
23274,2014,7,2,2,52,11.0,24.0,29.71,121,55.39,16.0,4.0,22,9.5
23285,2014,7,7,11,43,53.02,23.0,48.62,120,58.15,12.94,3.94,12,7.4
23302,2014,7,13,0,58,41.47,24.0,27.35,121,49.04,7.15,3.63,11,1.7
23348,2014,8,1,4,38,7.49,24.0,33.67,121,35.78,6.06,3.95,27,7.6
23363,2014,8,9,4,54,29.06,24.0,1.12,121,30.64,17.51,3.91,32,6.2
23376,2014,8,11,18,35,55.3,23.0,10.95,120,49.84,5.87,3.62,4,7.1
23419,2014,8,25,16,53,53.08,23.0,38.29,121,24.87,22.03,3.76,8,2.7
23432,2014,9,4,1,22,41.16,23.0,38.02,121,22.63,19.89,3.66,9,5.1
23436,2014,9,5,12,10,37.88,23.0,59.61,121,33.58,12.88,3.9,44,0.5
23443,2014,9,10,5,12,29.92,24.0,20.16,122,3.79,19.51,4.65,12,30.3
23469,2014,9,20,21,14,3.81,23.0,35.61,121,33.36,31.54,4.96,86,3.7
23473,2014,9,24,1,1,16.43,24.0,20.17,121,47.13,8.43,4.11,13,4.8
23480,2014,9,25,10,35,3.02,22.0,47.49,121,16.06,18.0,5.34,87,7.5
23487,2014,9,26,11,44,34.59,23.0,54.22,121,29.79,30.66,4.43,37,3.7
23514,2014,10,7,18,8,10.26,23.0,38.31,121,34.79,33.39,5.15,99,7.6
23515,2014,10,8,16,22,28.77,24.0,24.5,121,55.0,19.74,3.8,17,14.6
23566,2014,10,28,23,16,52.55,23.0,16.93,120,19.12,9.38,4.33,41,2.6
23571,2014,11,1,5,44,48.9,23.0,41.08,121,24.0,18.14,4.26,20,3.0
23597,2014,11,15,15,56,38.04,23.0,41.85,121,25.95,12.03,3.73,9,1.8
23616,2014,11,19,17,46,21.58,24.0,54.21,122,3.48,13.86,5.18,99,13.0
23619,2014,11,19,22,37,9.26,24.0,53.98,122,1.92,11.64,4.4,43,11.0
23647,2014,11,30,10,53,24.84,24.0,22.23,121,49.67,17.04,3.84,19,9.7
23662,2014,12,9,13,7,34.74,24.0,24.55,122,5.38,22.67,4.06,19,28.8
23667,2014,12,14,5,6,3.21,23.0,7.92,121,28.19,43.02,4.58,20,10.1
23694,2014,12,31,3,6,4.57,24.0,49.47,121,47.27,68.85,5.07,99,2.7
23697,2015,1,1,17,10,44.81,23.0,40.66,121,27.91,19.82,4.48,29,1.9
23712,2015,1,7,4,48,32.84,24.0,15.59,121,41.49,30.4,5.48,99,7.7
23744,2015,1,18,21,53,33.91,23.0,44.51,121,24.2,20.81,3.75,8,4.1
23756,2015,1,24,7,15,26.39,23.0,12.59,120,23.7,11.12,4.58,92,1.5
23765,2015,1,26,15,8,18.26,22.0,55.37,120,32.46,14.91,4.21,13,2.6
23766,2015,1,26,15,29,12.95,22.0,55.36,120,32.9,15.06,4.0,11,2.6
23770,2015,1,30,4,7,25.28,23.0,5.35,121,24.52,23.06,3.6,2,3.8
23787,2015,2,12,7,35,35.22,24.0,15.95,121,42.06,29.72,4.71,62,6.9
23791,2015,2,13,20,6,31.83,22.0,39.49,121,23.8,27.78,6.28,99,7.6
23801,2015,2,20,13,52,7.01,22.0,41.01,121,20.97,24.56,3.82,5,12.3
23810,2015,2,23,20,3,26.77,23.0,46.5,121,25.32,24.18,4.19,16,3.6
23850,2015,3,13,21,24,40.06,23.0,59.73,121,37.48,9.22,3.82,27,0.6
23853,2015,3,14,14,45,14.34,24.0,28.63,121,53.98,27.4,4.56,41,8.3
23873,2015,3,23,10,13,51.62,23.0,43.54,121,40.24,38.4,6.19,99,12.7
23903,2015,4,5,2,10,11.5,24.0,27.3,122,4.45,23.12,3.52,5,26.9
23905,2015,4,5,20,50,27.38,24.0,3.66,121,30.38,22.72,4.44,38,9.2
23931,2015,4,12,14,12,56.14,23.0,45.43,121,32.09,2.59,3.67,10,3.6
23938,2015,4,15,19,48,36.7,22.0,44.07,121,20.9,26.05,4.7,39,14.1
23946,2015,4,20,1,42,56.1,24.0,1.34,122,26.46,30.57,6.38,99,76.2
23948,2015,4,20,11,20,47.25,23.0,39.6,121,39.52,38.34,5.5,99,12.5
23949,2015,4,20,11,45,13.76,24.0,2.12,122,30.39,33.87,6.15,99,81.8
23956,2015,4,22,7,49,39.99,23.0,44.41,121,29.11,8.57,3.75,15,3.1
23959,2015,4,24,10,19,38.63,23.0,44.97,121,31.66,6.43,3.6,9,3.2
23979,2015,4,29,8,19,17.29,24.0,1.36,121,36.83,7.41,3.88,29,0.6
24006,2015,4,30,23,15,25.89,23.0,55.53,121,38.26,5.78,3.62,19,4.4
24030,2015,5,11,23,43,15.49,23.0,56.69,121,28.89,17.34,4.67,71,2.6
24035,2015,5,13,12,31,48.75,23.0,56.92,121,28.35,18.02,3.77,23,2.8
24044,2015,5,17,1,52,1.53,24.0,49.89,121,56.77,11.46,3.66,3,12.4
24056,2015,5,25,21,22,49.9,22.0,56.61,120,50.93,5.72,4.85,47,20.0
24077,2015,6,7,4,32,29.24,23.0,58.03,121,41.86,28.11,4.01,25,8.0
24088,2015,6,16,15,16,8.16,23.0,29.81,121,43.09,31.51,4.68,27,21.1
24118,2015,7,4,3,10,20.99,23.0,56.98,121,28.78,19.23,3.88,49,2.2
24128,2015,7,6,14,0,0.23,23.0,40.73,121,27.56,7.53,3.64,10,2.5
24140,2015,7,10,9,38,49.58,23.0,13.18,120,27.7,8.6,4.41,52,4.8
24161,2015,7,22,16,26,13.79,23.0,51.67,121,30.13,10.53,4.22,44,1.2
24164,2015,7,25,10,25,37.32,23.0,8.93,121,23.62,22.23,4.48,18,4.8
24167,2015,7,28,4,7,11.0,24.0,25.83,121,25.8,6.4,3.51,7,5.0
24174,2015,7,28,6,59,10.32,24.0,25.86,121,25.91,5.98,4.69,58,5.2
24187,2015,7,28,11,47,8.33,24.0,25.95,121,26.11,5.74,3.85,5,5.5
24225,2015,8,7,9,4,19.84,24.0,26.2,121,25.12,7.0,3.97,10,3.8
24227,2015,8,7,9,54,54.0,24.0,27.09,121,25.26,7.11,3.63,10,4.1
24275,2015,8,23,3,53,1.26,23.0,43.42,121,23.26,25.9,3.81,5,3.7
24294,2015,9,1,13,24,45.65,23.0,54.89,121,29.48,17.09,5.46,99,4.3
24320,2015,9,10,15,23,27.12,24.0,14.43,121,49.45,18.62,4.93,79,9.5
24333,2015,9,15,17,56,22.65,24.0,15.21,121,49.78,19.0,4.86,64,9.1
24334,2015,9,15,19,37,35.49,24.0,14.87,121,49.19,19.78,5.69,99,8.7
24355,2015,9,15,20,43,58.32,24.0,16.25,121,49.46,18.72,4.49,39,7.8
24362,2015,9,16,2,7,17.83,24.0,14.69,121,49.67,18.48,4.02,8,10.7
24368,2015,9,16,6,30,43.76,24.0,14.93,121,49.09,18.45,3.77,5,9.6
24370,2015,9,16,13,8,59.75,24.0,17.08,121,49.71,20.16,5.61,99,7.8
24377,2015,9,16,13,30,26.1,24.0,16.67,121,50.02,22.04,4.5,28,8.4
24381,2015,9,16,14,29,58.44,24.0,16.62,121,48.18,19.24,4.63,56,6.5
24384,2015,9,16,17,16,46.93,23.0,0.28,120,5.84,17.7,4.18,30,4.7
24415,2015,9,24,5,58,1.99,22.0,35.8,120,41.58,31.28,4.74,98,6.3
24430,2015,9,29,19,37,45.95,24.0,1.3,121,30.4,18.67,4.84,97,6.3
24438,2015,10,3,13,34,0.7,23.0,13.86,120,18.99,14.99,3.63,18,3.5
24442,2015,10,4,17,41,3.68,22.0,53.45,121,28.51,19.05,4.38,19,19.7
24454,2015,10,7,21,50,13.74,24.0,14.95,121,48.2,17.13,4.36,20,7.3
24476,2015,10,13,11,49,4.65,23.0,29.07,121,38.85,49.09,5.46,99,13.9
24480,2015,10,15,2,19,7.59,23.0,10.32,121,21.16,17.36,3.65,9,4.9
24486,2015,10,15,18,4,5.44,24.0,19.67,121,45.79,19.13,3.5,5,2.4
24499,2015,10,15,23,52,45.92,24.0,19.16,121,45.37,18.8,4.63,62,1.3
24507,2015,10,16,6,29,11.32,24.0,18.68,121,45.55,18.85,4.07,30,1.0
24514,2015,10,17,7,35,11.09,24.0,18.6,121,45.72,18.65,3.61,8,1.3
24516,2015,10,18,11,4,25.34,24.0,15.08,121,47.77,16.05,3.82,8,6.7
24519,2015,10,19,2,17,35.25,24.0,51.47,122,0.87,14.41,5.32,99,7.4
24546,2015,10,21,1,14,32.29,22.0,32.79,121,0.3,9.37,4.49,21,7.0
24549,2015,10,21,15,53,12.15,24.0,21.11,121,45.34,17.26,3.81,23,3.0
24568,2015,11,1,21,9,42.81,22.0,43.93,121,35.02,18.81,5.88,99,13.4
24607,2015,11,22,14,18,9.19,23.0,55.69,121,27.95,19.42,3.78,20,5.0
24638,2015,12,2,5,21,57.53,24.0,11.45,121,54.65,23.91,4.85,29,19.8
24645,2015,12,3,14,31,13.88,22.0,36.24,121,23.17,25.89,5.34,99,28.8
24681,2015,12,20,22,36,45.02,23.0,13.93,120,19.32,14.58,3.65,27,3.0
24721,2016,1,5,2,35,55.34,24.0,26.92,121,53.7,23.08,3.58,9,15.0
24734,2016,1,11,4,52,57.55,23.0,26.03,121,31.84,33.15,5.25,91,5.3
24738,2016,1,13,9,6,57.71,23.0,24.84,120,29.29,9.7,3.59,27,5.5
24757,2016,1,19,2,13,26.83,22.0,47.22,121,18.75,29.72,5.8,99,12.2
24759,2016,1,19,12,4,6.09,23.0,53.73,121,34.06,9.69,3.71,12,3.3
24761,2016,1,20,15,35,46.16,22.0,46.31,121,19.96,29.68,4.16,6,16.0
24784,2016,2,5,19,57,26.08,22.0,55.32,120,32.63,14.64,6.6,99,2.5
24813,2016,2,9,0,47,0.62,23.0,53.3,121,41.52,5.69,5.12,52,9.3
24834,2016,2,13,17,7,50.52,24.0,14.42,121,9.7,5.74,4.09,15,1.0
24859,2016,2,16,4,4,54.7,23.0,0.64,120,52.11,5.03,4.97,52,21.2
24879,2016,2,18,1,9,39.02,23.0,0.98,120,52.16,5.44,5.27,97,19.2
24882,2016,2,18,1,18,31.99,23.0,1.59,120,52.57,4.26,5.13,81,18.7
24885,2016,2,18,1,20,36.27,23.0,2.54,120,52.17,3.94,3.99,9,16.9
24904,2016,2,18,20,35,33.9,24.0,20.37,121,48.41,12.25,3.56,12,6.7
24931,2016,2,24,23,53,49.9,23.0,11.01,120,36.54,10.23,3.58,9,6.8
24943,2016,3,1,14,42,13.47,24.0,4.8,121,29.96,18.63,4.26,47,10.5
24973,2016,3,8,15,43,37.22,24.0,23.83,121,57.54,19.34,3.72,10,17.8
24988,2016,3,14,3,14,37.32,23.0,6.03,120,45.98,6.94,3.66,1,6.7
25013,2016,3,21,12,22,42.46,24.0,14.54,121,3.18,4.68,4.12,4,6.5
25018,2016,3,21,18,34,52.63,22.0,18.9,120,59.33,11.81,4.34,15,9.9
25025,2016,3,23,13,44,17.52,24.0,19.93,121,42.55,15.97,3.74,26,3.1
25026,2016,3,23,16,10,44.16,22.0,49.44,120,55.73,8.05,3.93,19,14.7
25067,2016,4,2,18,12,18.52,23.0,59.95,121,35.49,8.08,3.68,29,0.5
25107,2016,4,8,8,31,15.41,22.0,27.97,120,59.36,15.41,4.19,7,5.0
25112,2016,4,11,5,45,9.12,24.0,33.07,122,7.48,59.81,5.66,99,26.2
25115,2016,4,12,3,8,0.73,24.0,0.72,121,36.49,9.3,4.4,41,0.3
25131,2016,4,12,3,35,45.23,24.0,0.52,121,36.57,6.88,3.85,32,0.6
25149,2016,4,15,10,20,29.83,23.0,10.33,121,1.12,3.82,3.95,4,1.8
25161,2016,4,18,20,30,37.13,23.0,10.84,120,19.38,17.67,4.4,75,1.1
25167,2016,4,24,21,17,24.1,23.0,53.43,121,27.51,16.75,3.91,22,5.4
25174,2016,4,25,14,35,5.5,23.0,57.25,121,37.71,9.51,4.17,35,2.8
25180,2016,4,25,20,51,52.34,23.0,58.66,121,35.07,8.59,4.15,34,1.3
25184,2016,4,26,1,45,48.4,23.0,58.75,121,35.33,7.64,4.17,32,1.0
25192,2016,4,27,10,53,47.4,24.0,20.1,121,38.24,23.34,3.76,14,10.4
25193,2016,4,27,15,17,14.42,24.0,14.23,121,47.04,11.94,5.67,99,7.3
25205,2016,4,27,15,27,38.59,24.0,15.16,121,44.94,12.99,5.13,55,4.9
25212,2016,4,27,16,20,32.36,24.0,15.88,121,45.79,11.63,4.03,10,3.7
25214,2016,4,27,16,33,14.16,24.0,16.05,121,46.03,11.79,4.44,22,3.5
25225,2016,4,27,18,19,6.23,23.0,16.99,121,14.0,15.21,5.52,99,7.4
25235,2016,4,27,21,15,6.47,24.0,14.26,121,44.49,11.73,4.33,18,6.6
25240,2016,4,28,1,14,46.72,24.0,17.06,121,47.89,12.58,4.5,49,4.8
25254,2016,4,29,0,27,6.24,23.0,56.21,121,37.36,8.77,4.01,29,4.2
25279,2016,4,30,22,46,57.24,24.0,13.18,121,44.36,12.31,4.78,46,8.6
25285,2016,5,1,5,25,47.48,24.0,14.03,121,49.9,12.58,4.45,23,10.6
25289,2016,5,1,13,23,58.71,23.0,57.16,121,36.57,7.27,3.84,30,2.1
25290,2016,5,1,13,30,6.66,23.0,56.96,121,36.48,8.08,3.54,16,2.4
25292,2016,5,1,13,32,7.18,23.0,56.79,121,37.31,7.9,3.9,30,3.2
25296,2016,5,2,2,27,59.36,23.0,11.15,121,0.97,3.41,4.19,7,0.9
25301,2016,5,2,14,29,0.61,24.0,12.57,121,43.28,11.83,4.88,51,8.8
25310,2016,5,2,20,47,30.8,24.0,13.81,121,41.74,11.63,3.57,4,8.8
25313,2016,5,2,20,53,36.88,24.0,13.55,121,42.7,11.95,4.33,31,8.9
25316,2016,5,2,23,55,50.86,24.0,12.58,121,42.5,11.42,4.1,15,7.8
25331,2016,5,3,17,50,20.3,24.0,13.23,121,42.34,11.0,3.62,8,8.5
25333,2016,5,4,0,0,48.74,24.0,12.49,121,43.24,11.01,3.5,8,8.6
25336,2016,5,4,14,3,8.84,24.0,13.21,121,43.76,10.96,3.79,7,10.0
25345,2016,5,6,7,53,23.95,23.0,28.36,121,29.55,29.72,4.87,39,1.4
25352,2016,5,6,19,41,34.35,24.0,6.69,121,38.28,10.37,3.67,14,1.6
25353,2016,5,6,19,42,7.29,24.0,6.18,121,37.58,10.39,3.53,12,1.7
25355,2016,5,6,20,58,19.9,23.0,11.42,121,0.31,3.61,3.61,4,2.1
25371,2016,5,8,2,46,33.16,23.0,59.57,121,1.39,19.13,4.93,99,4.1
25390,2016,5,11,21,19,23.51,23.0,9.06,121,0.18,2.33,3.9,12,4.6
25395,2016,5,12,3,5,41.08,24.0,41.81,121,57.7,8.81,3.76,16,13.8
25396,2016,5,12,3,17,15.05,24.0,41.51,121,58.82,8.86,6.1,99,14.7
25400,2016,5,12,3,21,22.34,24.0,41.48,121,57.45,9.69,4.52,99,13.1
25401,2016,5,12,4,29,55.89,24.0,41.45,122,1.04,12.03,5.73,99,17.6
25405,2016,5,12,6,28,21.0,24.0,9.28,121,44.17,11.37,3.92,8,8.6
25410,2016,5,13,8,24,12.01,24.0,41.03,121,59.07,9.77,5.24,99,14.5
25411,2016,5,13,8,43,41.18,24.0,41.55,122,1.27,11.1,4.39,40,18.1
25412,2016,5,13,13,2,45.39,24.0,10.37,121,45.19,12.49,4.02,12,10.3
25414,2016,5,14,3,12,2.67,24.0,10.49,121,45.75,12.4,4.69,63,11.3
25421,2016,5,14,3,32,48.3,24.0,10.39,121,46.22,11.6,5.01,86,12.1
25460,2016,5,18,0,22,45.83,23.0,12.97,121,34.41,45.75,5.24,99,16.6
25468,2016,5,21,5,47,47.48,24.0,13.64,121,42.5,10.91,4.45,31,8.9
25471,2016,5,21,20,51,40.9,22.0,54.15,120,36.6,18.13,5.26,99,5.9
25476,2016,5,22,2,6,19.65,22.0,53.88,120,35.82,16.92,4.8,55,5.5
25480,2016,5,22,18,36,23.3,24.0,1.6,121,35.71,8.4,3.66,32,0.7
25514,2016,5,24,20,17,51.95,23.0,29.74,120,18.88,7.95,3.71,28,4.0
25540,2016,5,29,5,0,17.27,24.0,18.98,121,45.14,13.6,3.57,15,0.9
25545,2016,5,29,17,48,36.6,23.0,4.86,121,1.78,4.2,4.5,23,11.3
25547,2016,5,29,22,9,1.45,23.0,7.24,121,21.18,18.37,3.95,11,9.0
25550,2016,5,30,2,52,47.78,24.0,10.03,121,43.07,13.66,4.67,29,6.7
25561,2016,5,31,5,23,46.39,25.0,29.52,122,40.96,256.89,6.91,99,87.1
25585,2016,6,4,21,41,38.08,24.0,8.16,121,40.28,10.68,4.07,16,2.0
25600,2016,6,9,21,15,31.63,24.0,0.15,121,37.42,8.77,3.55,29,1.4
25616,2016,6,14,9,40,43.1,23.0,44.21,121,23.97,21.05,4.22,20,3.8
25621,2016,6,15,14,52,23.65,23.0,11.12,120,59.75,5.44,3.52,3,3.0
25646,2016,6,18,3,11,7.22,24.0,34.49,121,53.27,8.96,3.81,22,3.4
25656,2016,6,18,22,58,20.06,23.0,10.49,121,0.23,5.93,3.72,7,2.6
25658,2016,6,20,0,39,47.47,23.0,9.79,121,32.01,39.39,5.07,63,14.5
25698,2016,6,29,14,37,30.7,24.0,12.81,121,44.34,10.93,3.86,11,9.3
25699,2016,6,29,20,50,49.71,22.0,59.66,120,5.34,18.22,3.71,20,6.1
25725,2016,7,14,3,32,24.0,23.0,9.75,121,21.6,17.87,4.42,23,4.9
25729,2016,7,16,1,19,26.82,24.0,43.71,120,52.38,9.74,3.94,26,3.8
25730,2016,7,16,2,35,25.16,24.0,21.77,121,44.96,19.61,4.23,10,3.9
25732,2016,7,16,2,42,51.7,24.0,21.6,121,45.0,18.87,3.89,22,3.6
25736,2016,7,17,13,34,42.81,24.0,23.47,121,47.87,9.15,3.84,16,6.3
25769,2016,7,27,4,2,35.78,24.0,15.95,121,45.29,7.68,4.81,85,3.4
25770,2016,7,27,4,34,55.75,22.0,36.19,120,57.32,13.04,3.53,8,1.1
25810,2016,8,22,19,8,11.9,22.0,51.73,120,56.64,6.78,4.38,25,14.6
25818,2016,8,25,7,13,37.96,24.0,16.15,121,41.81,28.72,4.44,19,6.9
25833,2016,8,31,16,28,54.44,24.0,27.38,121,58.0,17.98,4.93,99,15.4
25854,2016,9,7,1,48,41.63,23.0,54.82,121,27.89,18.24,3.5,12,6.4
25863,2016,9,9,19,29,48.74,22.0,55.37,120,33.23,14.38,4.34,15,2.8
25864,2016,9,11,12,39,56.29,23.0,27.6,121,17.55,11.86,3.76,9,6.1
25880,2016,9,24,9,36,49.49,24.0,6.34,121,30.88,19.16,4.23,43,9.5
25882,2016,9,26,4,33,53.58,24.0,20.91,121,37.23,23.38,3.57,7,13.8
25900,2016,10,6,15,52,0.51,22.0,37.62,121,20.63,23.7,6.15,99,13.9
25919,2016,10,16,13,25,3.36,23.0,12.38,121,21.6,16.79,4.07,13,7.0
25920,2016,10,17,2,21,38.01,23.0,11.87,121,22.3,16.74,3.52,5,6.8
25934,2016,10,19,0,29,7.27,24.0,7.82,121,39.72,9.76,3.9,14,0.9
25947,2016,10,20,15,40,11.93,24.0,8.1,121,40.29,11.29,3.51,8,2.0
25955,2016,10,21,18,13,17.26,23.0,56.15,121,28.3,18.13,3.9,32,4.0
25964,2016,10,25,4,45,52.38,22.0,39.26,121,21.01,23.69,5.3,65,12.4
25973,2016,10,29,11,49,18.86,24.0,11.63,121,38.91,31.99,4.29,21,3.6
25982,2016,11,6,20,53,54.57,23.0,12.92,120,49.29,7.48,4.0,4,8.3
25984,2016,11,7,11,56,26.07,23.0,1.77,121,20.6,20.45,5.07,44,1.3
25998,2016,11,12,21,16,15.91,24.0,6.8,121,40.74,11.81,3.63,7,2.8
26026,2016,11,28,0,17,16.1,23.0,5.4,120,21.11,17.61,3.67,20,2.0
26050,2016,11,30,11,24,31.71,22.0,50.22,121,16.01,11.95,3.78,7,6.1
26056,2016,11,30,12,4,34.48,22.0,49.9,121,16.1,11.84,5.07,47,6.6
26114,2016,12,4,9,22,59.12,24.0,7.92,121,41.13,10.28,3.77,10,3.2
26142,2016,12,12,18,40,5.14,24.0,6.57,121,42.08,10.92,3.59,5,5.0
26157,2016,12,15,14,11,38.81,22.0,50.77,121,15.35,11.05,4.29,24,4.6
26161,2016,12,15,14,14,29.55,22.0,50.79,121,16.13,11.39,5.17,47,5.5
26208,2016,12,15,16,9,10.74,22.0,50.92,121,15.64,11.52,4.18,22,4.7
26225,2016,12,15,20,5,1.66,22.0,50.78,121,17.36,11.74,4.15,22,7.3
26237,2016,12,16,4,28,21.88,22.0,50.7,121,16.23,12.02,3.68,7,5.7
26275,2016,12,28,16,9,38.73,23.0,7.79,120,46.33,6.49,3.61,1,3.5
26277,2016,12,28,16,31,36.31,23.0,7.22,120,46.17,6.19,3.64,2,4.5
26296,2017,1,2,19,23,29.91,23.0,15.18,120,58.47,4.61,4.09,5,9.0
26306,2017,1,3,20,56,56.63,23.0,15.32,120,58.14,3.62,3.86,2,9.5
26326,2017,1,10,17,21,5.44,22.0,56.54,120,34.46,14.01,3.91,8,4.8
26330,2017,1,11,17,31,3.83,23.0,6.7,120,40.94,9.01,4.51,31,10.0
26380,2017,2,10,17,12,52.56,22.0,51.94,120,8.59,16.15,5.71,99,5.9
26402,2017,2,12,4,30,58.81,22.0,50.86,120,7.65,19.25,4.29,47,8.4
26414,2017,2,15,23,28,8.52,23.0,15.6,120,27.08,8.74,3.76,24,2.8
26456,2017,3,4,10,33,37.24,24.0,27.1,121,52.85,22.99,3.97,15,8.3
26470,2017,3,7,22,10,51.61,24.0,18.52,122,6.08,59.92,5.28,99,35.0
26514,2017,3,23,17,9,25.43,23.0,25.28,120,28.54,6.19,3.57,30,5.7
26519,2017,3,25,15,2,58.41,23.0,15.94,120,38.03,10.29,4.12,49,2.7
26520,2017,3,25,16,41,48.63,23.0,15.78,120,37.78,10.18,3.68,7,2.3
26532,2017,3,27,8,27,57.3,24.0,15.27,121,44.82,24.72,3.89,15,4.7
26536,2017,3,29,16,34,2.79,22.0,30.97,121,1.27,16.79,4.5,18,5.9
26539,2017,3,30,14,4,32.46,24.0,17.91,121,37.57,22.36,3.54,10,12.6
26572,2017,4,16,18,34,16.59,23.0,16.86,120,40.58,6.83,4.55,63,2.4
26578,2017,4,20,16,20,11.48,22.0,57.29,120,58.97,7.16,4.48,19,11.5
26586,2017,4,24,23,35,47.2,24.0,48.44,121,46.08,10.3,3.76,47,1.7
26596,2017,4,30,1,57,22.6,21.0,24.45,121,39.18,122.28,6.07,99,70.4
26607,2017,5,5,5,7,30.35,23.0,25.68,121,31.0,34.32,4.63,28,5.4
26627,2017,5,15,23,12,54.53,23.0,16.78,121,25.97,24.91,5.75,99,4.3
26631,2017,5,19,3,27,16.45,23.0,47.09,121,24.18,8.85,3.61,12,5.0
26638,2017,5,23,4,26,30.61,23.0,21.38,120,27.3,10.95,3.62,27,2.2
26639,2017,5,24,9,49,3.75,23.0,25.28,120,31.32,12.92,4.22,69,4.2
26643,2017,5,24,12,1,56.41,23.0,25.24,120,31.06,12.91,3.65,35,4.3
26645,2017,5,24,13,5,59.67,23.0,25.2,120,30.86,12.64,3.81,51,4.4
26646,2017,5,24,13,10,54.35,23.0,25.16,120,30.7,12.43,5.13,99,4.5
26652,2017,5,25,5,48,11.99,23.0,25.2,120,30.9,11.78,4.7,99,4.4
26679,2017,6,7,2,45,3.53,22.0,1.88,121,37.96,20.68,3.78,1,7.7
26708,2017,6,15,21,29,18.74,22.0,38.25,120,24.32,33.21,4.27,57,2.2
26712,2017,6,17,6,20,12.29,24.0,5.78,121,40.08,9.52,4.12,19,5.0
26717,2017,6,21,7,25,39.05,24.0,39.36,121,55.36,62.8,5.09,99,8.3
26719,2017,6,21,23,36,4.11,23.0,11.13,120,3.7,14.59,4.12,35,4.9
26731,2017,6,26,12,42,29.18,24.0,17.83,121,49.05,12.82,3.91,7,7.0
26743,2017,7,2,6,45,11.2,24.0,26.76,121,48.77,18.72,3.56,18,2.3
26774,2017,7,17,19,16,26.64,23.0,35.15,121,33.92,35.22,4.66,56,4.8
26779,2017,7,23,2,10,8.12,24.0,23.51,121,46.88,7.93,3.84,16,5.0
26786,2017,7,30,1,0,7.8,23.0,11.2,120,35.36,8.36,4.2,30,7.2
26804,2017,8,9,16,5,36.4,23.0,33.39,121,26.01,31.86,4.73,46,6.2
26809,2017,8,11,1,58,54.23,23.0,11.3,121,23.94,21.0,4.97,63,6.4
26836,2017,9,4,5,42,33.08,22.0,25.29,120,50.32,6.93,4.2,13,4.7
26837,2017,9,5,10,8,5.79,24.0,1.69,121,31.6,18.59,4.24,44,5.5
26839,2017,9,5,18,10,46.92,24.0,22.9,121,45.89,7.28,3.59,13,5.1
26848,2017,9,10,8,56,53.69,23.0,13.35,120,24.18,10.52,3.87,36,0.3
26863,2017,9,14,1,52,38.09,23.0,16.73,120,35.76,12.18,3.66,17,4.7
26870,2017,9,17,22,39,54.27,23.0,34.02,121,33.55,28.67,4.83,50,5.3
26875,2017,9,20,14,29,56.98,23.0,18.97,121,46.88,28.98,5.85,99,32.4
26938,2017,10,24,4,53,9.15,23.0,13.51,120,42.86,7.8,3.58,5,5.7
26944,2017,10,25,17,23,55.71,23.0,13.72,120,42.87,7.61,4.32,18,5.3
26964,2017,11,3,2,48,15.22,23.0,1.61,120,57.35,6.61,4.66,70,17.6
26966,2017,11,3,2,48,59.58,23.0,0.15,120,57.27,6.21,5.15,96,17.0
26973,2017,11,3,23,34,48.21,23.0,33.17,121,33.29,29.98,5.29,99,6.1
26976,2017,11,6,17,36,40.8,23.0,52.42,120,8.23,22.46,4.33,74,11.6
26979,2017,11,8,4,11,34.94,23.0,45.83,120,57.71,25.26,3.72,15,10.1
26987,2017,11,11,11,14,39.93,23.0,38.31,120,42.47,15.34,4.6,99,1.3
26991,2017,11,11,12,13,4.01,23.0,37.76,120,42.7,14.3,4.03,94,1.0
26992,2017,11,11,12,22,53.52,23.0,38.14,120,42.49,14.91,5.2,99,1.1
26996,2017,11,11,12,24,43.47,23.0,38.61,120,42.39,15.0,4.14,99,5.2
27010,2017,11,11,12,34,0.71,23.0,38.38,120,42.24,13.54,3.75,28,5.0
27030,2017,11,11,13,39,38.99,23.0,38.62,120,42.38,14.15,3.84,39,5.2
27048,2017,11,13,0,38,4.2,23.0,38.44,120,42.42,15.27,3.71,57,5.3
27069,2017,11,20,14,10,24.18,23.0,46.6,120,58.2,15.38,3.93,16,9.6
27072,2017,11,22,14,20,9.4,23.0,35.05,120,43.3,15.24,5.66,99,4.8
27090,2017,11,22,22,19,42.76,23.0,35.75,120,44.21,14.02,3.94,50,6.1
27092,2017,11,23,20,55,32.22,23.0,35.39,120,42.6,16.41,5.03,99,3.5
27108,2017,11,27,4,3,0.94,23.0,35.13,120,44.07,13.12,4.31,91,5.6
27129,2017,12,8,19,13,6.56,24.0,14.4,121,41.4,17.93,4.0,13,9.5
27160,2017,12,24,15,14,46.16,23.0,35.24,120,43.21,16.55,4.3,56,4.6
27162,2017,12,26,15,19,21.21,23.0,10.4,120,26.27,10.59,3.59,16,5.0
27164,2017,12,26,20,2,53.83,23.0,6.43,121,21.1,18.96,4.15,16,2.4
27174,2018,1,1,3,21,56.65,22.0,51.92,121,14.48,8.93,3.85,17,2.0
27177,2018,1,1,12,48,22.89,22.0,51.76,121,14.26,8.0,4.02,19,2.0
27184,2018,1,1,19,22,2.96,22.0,51.75,121,14.33,8.84,4.28,30,2.1
27190,2018,1,1,20,10,28.45,22.0,51.07,121,14.83,7.56,3.76,20,3.6
27207,2018,1,6,2,56,5.14,23.0,55.14,121,27.91,17.06,3.54,18,5.9
27214,2018,1,8,6,28,59.75,24.0,20.21,120,55.89,7.11,4.11,21,3.0
27249,2018,1,21,1,0,16.13,22.0,50.44,120,36.31,13.51,4.07,11,1.7
27299,2018,2,3,19,30,57.13,24.0,10.87,121,42.16,10.32,4.79,69,5.6
27300,2018,2,3,19,31,52.81,24.0,10.93,121,41.98,10.38,4.3,31,5.3
27303,2018,2,4,13,12,52.11,24.0,12.33,121,41.95,2.99,5.35,91,6.8
27304,2018,2,4,13,33,9.51,24.0,12.12,121,40.68,5.45,4.32,20,5.2
27305,2018,2,4,13,56,40.64,24.0,9.04,121,44.62,10.61,5.89,99,9.4
27306,2018,2,4,13,57,42.38,24.0,10.37,121,42.35,10.23,5.28,99,5.6
27311,2018,2,4,14,0,58.27,24.0,15.77,121,46.88,5.54,4.32,7,4.7
27314,2018,2,4,14,2,44.51,24.0,12.8,121,42.16,7.28,3.92,11,7.7
27325,2018,2,4,14,10,52.18,24.0,13.76,121,41.69,3.73,4.94,78,8.7
27326,2018,2,4,14,12,2.06,24.0,13.77,121,43.61,3.96,4.76,56,7.9
27328,2018,2,4,14,13,12.44,24.0,9.03,121,42.99,10.34,5.58,99,6.7
27332,2018,2,4,14,16,55.23,24.0,10.63,121,40.81,3.75,4.98,53,3.3
27343,2018,2,4,14,28,27.38,24.0,13.88,121,44.99,4.63,4.04,11,7.2
27359,2018,2,4,15,33,47.28,24.0,13.5,121,44.72,5.11,4.68,36,8.0
27419,2018,2,4,18,35,46.85,24.0,11.43,121,46.81,7.92,4.25,11,12.1
27461,2018,2,5,3,55,5.41,24.0,13.64,121,45.75,10.36,3.56,8,7.7
27467,2018,2,5,4,36,53.2,24.0,11.9,121,43.01,8.67,4.22,36,7.7
27488,2018,2,5,15,58,41.28,24.0,6.37,121,44.11,8.32,5.04,57,8.4
27496,2018,2,5,16,32,6.41,24.0,6.42,121,44.5,8.46,4.28,9,9.1
27511,2018,2,5,23,40,1.1,24.0,17.91,121,47.08,11.4,3.67,14,3.2
27512,2018,2,6,0,35,10.03,24.0,7.62,121,42.41,8.41,4.16,17,5.3
27522,2018,2,6,5,9,14.89,24.0,11.16,121,43.17,10.73,5.09,74,7.4
27528,2018,2,6,6,27,10.01,24.0,6.73,121,43.64,8.33,4.13,10,7.5
27541,2018,2,6,8,26,38.87,24.0,4.96,121,45.67,6.23,4.27,9,11.8
27542,2018,2,6,8,36,48.56,24.0,4.68,121,46.44,6.69,4.58,24,13.2
27554,2018,2,6,13,36,45.99,24.0,8.6,121,41.25,9.96,4.15,12,3.9
27558,2018,2,6,15,50,41.62,24.0,6.04,121,43.78,6.31,6.26,99,8.1
27572,2018,2,6,15,54,52.88,24.0,0.03,121,37.38,6.7,4.54,48,1.1
27593,2018,2,6,16,1,2.63,23.0,59.94,121,35.12,5.79,3.54,25,1.0
27634,2018,2,6,16,13,47.81,23.0,58.84,121,36.8,4.2,3.79,27,0.4
27643,2018,2,6,16,17,57.82,23.0,59.29,121,36.74,5.91,4.9,57,1.0
27645,2018,2,6,16,18,41.71,24.0,0.39,121,37.1,6.71,3.7,25,1.2
27667,2018,2,6,16,26,45.56,23.0,59.69,121,36.54,6.85,4.37,36,0.8
27690,2018,2,6,16,34,36.13,24.0,1.39,121,38.37,7.13,3.74,25,1.8
27692,2018,2,6,16,35,46.92,24.0,2.5,121,39.27,6.1,3.93,27,4.3
27705,2018,2,6,16,46,27.09,24.0,5.64,121,40.79,9.45,3.73,16,4.3
27732,2018,2,6,17,11,2.35,24.0,7.2,121,42.12,9.86,3.55,7,4.8
27748,2018,2,6,17,23,57.04,24.0,6.73,121,42.82,8.14,4.23,18,6.2
27761,2018,2,6,17,50,51.52,23.0,58.66,121,35.54,6.59,4.32,35,0.7
27770,2018,2,6,17,56,10.04,24.0,2.88,121,39.83,7.33,3.76,22,5.4
27771,2018,2,6,18,0,13.37,24.0,6.94,121,43.74,6.69,5.38,70,7.6
27781,2018,2,6,18,7,39.0,24.0,2.41,121,42.55,4.17,5.39,91,9.2
27787,2018,2,6,18,9,23.58,24.0,1.81,121,37.8,8.66,4.48,41,1.7
27826,2018,2,6,19,3,12.34,24.0,1.58,121,39.82,6.95,3.93,27,4.3
27833,2018,2,6,19,15,28.68,24.0,0.63,121,43.63,5.65,5.46,90,10.0
27847,2018,2,6,19,36,36.25,24.0,0.11,121,43.0,7.06,4.84,34,8.8
27858,2018,2,6,19,57,34.43,24.0,8.54,121,41.93,9.88,3.93,9,4.8
27897,2018,2,6,20,56,22.86,24.0,3.57,121,40.78,7.17,4.92,43,7.5
27903,2018,2,6,21,2,50.06,23.0,58.2,121,35.49,6.46,4.31,39,0.9
27919,2018,2,6,21,56,42.72,23.0,58.71,121,35.43,7.42,3.67,15,0.9
27935,2018,2,6,23,11,42.82,24.0,3.68,121,42.69,5.94,4.87,36,9.1
27939,2018,2,6,23,24,8.0,23.0,59.04,121,35.88,5.93,4.11,36,0.6
27946,2018,2,6,23,43,51.77,24.0,1.63,121,39.2,7.45,4.92,48,3.3
27964,2018,2,7,1,17,28.26,24.0,5.6,121,41.48,7.94,3.66,9,5.1
27965,2018,2,7,1,21,45.36,23.0,59.71,121,43.23,5.94,4.4,22,9.1
27984,2018,2,7,2,18,2.91,24.0,4.41,121,43.09,7.68,4.99,34,8.6
27987,2018,2,7,2,29,12.59,23.0,57.47,121,35.9,6.16,4.04,31,1.7
28004,2018,2,7,3,36,18.46,24.0,4.86,121,44.29,7.42,5.17,51,9.8
28007,2018,2,7,3,40,27.67,24.0,12.38,121,43.0,8.31,4.02,15,8.2
28012,2018,2,7,3,57,58.51,24.0,2.69,121,39.77,7.42,4.01,25,6.4
28019,2018,2,7,4,33,13.56,23.0,59.57,121,35.56,6.88,3.64,20,0.1
28025,2018,2,7,4,39,18.39,24.0,0.01,121,36.57,6.75,4.05,27,0.6
28034,2018,2,7,4,50,42.61,24.0,3.26,121,38.43,7.96,4.39,34,4.3
28041,2018,2,7,4,56,50.3,24.0,3.33,121,38.2,10.04,3.71,22,3.9
28047,2018,2,7,5,7,38.95,23.0,59.18,121,43.3,7.43,4.37,26,9.2
28048,2018,2,7,5,9,45.75,24.0,7.25,121,42.12,8.87,3.61,6,4.8
28054,2018,2,7,8,23,29.68,24.0,5.26,121,41.04,8.3,4.19,24,5.1
28070,2018,2,7,10,19,47.6,24.0,12.83,121,40.47,12.66,4.53,25,6.2
28081,2018,2,7,11,13,5.89,24.0,0.0,121,43.77,8.24,5.03,39,10.0
28083,2018,2,7,11,19,25.36,24.0,5.66,121,40.44,9.21,3.54,7,4.0
28084,2018,2,7,11,22,14.06,24.0,3.78,121,39.16,8.97,3.68,16,5.6
28086,2018,2,7,11,33,8.9,23.0,53.92,121,34.02,10.18,4.03,17,3.6
28092,2018,2,7,12,51,58.21,24.0,14.91,121,38.57,15.14,4.01,28,9.7
28093,2018,2,7,13,6,40.52,24.0,4.74,121,46.26,7.18,5.14,41,12.9
28099,2018,2,7,14,19,19.72,23.0,57.84,121,46.05,5.14,4.62,24,14.2
28101,2018,2,7,15,21,30.44,24.0,4.91,121,46.62,7.75,5.85,99,13.3
28154,2018,2,7,18,43,33.24,23.0,55.8,121,33.81,8.82,3.84,20,2.6
28169,2018,2,8,0,54,17.06,23.0,58.08,121,34.84,11.54,5.07,63,1.3
28178,2018,2,8,0,59,27.89,23.0,58.93,121,34.01,8.98,4.31,30,1.1
28185,2018,2,8,1,35,14.8,23.0,58.4,121,34.85,8.23,3.64,27,1.7
28190,2018,2,8,2,41,20.54,24.0,10.47,121,44.98,13.31,4.16,9,10.0
28192,2018,2,8,3,6,4.08,23.0,57.59,121,36.0,8.77,4.82,49,1.4
28193,2018,2,8,3,15,25.06,23.0,58.01,121,35.96,7.28,4.18,34,0.8
28196,2018,2,8,3,23,38.13,23.0,58.0,121,34.86,7.77,3.8,27,1.3
28197,2018,2,8,4,23,33.31,23.0,57.79,121,35.94,9.84,3.64,21,1.1
28256,2018,2,9,20,25,19.82,23.0,58.64,121,35.82,9.43,3.68,25,0.3
28257,2018,2,9,21,26,14.11,23.0,58.82,121,35.02,8.27,3.7,24,1.1
28263,2018,2,10,0,55,34.27,24.0,2.58,121,37.53,7.97,3.61,17,3.0
28267,2018,2,10,3,56,21.4,23.0,53.33,121,34.06,7.92,3.86,18,2.6
28273,2018,2,10,7,37,49.5,23.0,57.34,121,35.33,8.95,3.74,19,2.2
28274,2018,2,10,7,48,49.62,24.0,13.58,121,50.33,10.91,4.73,17,11.7
28275,2018,2,10,8,42,57.37,23.0,58.39,121,35.76,8.16,3.64,26,0.4
28278,2018,2,10,10,15,59.86,24.0,5.99,121,40.1,8.67,3.68,11,3.2
28279,2018,2,10,10,37,55.41,24.0,12.1,121,42.77,10.88,3.58,10,7.6
28293,2018,2,10,22,27,24.69,23.0,53.98,121,32.94,10.44,3.59,23,1.8
28308,2018,2,11,7,39,6.97,23.0,54.39,121,34.02,8.5,4.27,34,3.5
28310,2018,2,11,7,42,49.02,23.0,54.16,121,33.74,9.54,3.65,21,3.0
28312,2018,2,11,8,20,7.61,23.0,56.36,121,35.01,8.21,3.97,28,3.0
28349,2018,2,13,0,3,51.43,23.0,56.02,121,34.77,8.58,3.61,20,3.5
28365,2018,2,14,0,16,44.6,23.0,53.37,121,33.63,9.18,3.79,15,2.4
28366,2018,2,14,0,17,18.58,23.0,53.67,121,33.9,10.93,3.64,19,3.1
28367,2018,2,14,0,21,46.21,23.0,53.39,121,34.06,9.46,4.21,31,2.7
28386,2018,2,15,23,34,56.8,24.0,12.31,121,42.39,8.56,4.01,18,7.3
28389,2018,2,16,7,49,39.06,23.0,54.66,121,33.59,9.12,3.58,13,2.9
28391,2018,2,16,19,48,1.05,24.0,10.95,121,46.42,14.38,3.83,16,12.6
28404,2018,2,19,14,47,1.29,24.0,35.27,121,36.82,52.68,5.53,99,6.9
28421,2018,2,21,23,10,41.38,23.0,24.78,121,32.02,35.57,5.66,99,7.5
28431,2018,2,24,20,7,46.74,24.0,12.08,121,42.41,7.8,3.63,9,7.1
28437,2018,2,25,18,28,40.89,24.0,25.88,121,53.75,22.11,5.45,99,10.3
28440,2018,2,26,6,56,9.38,23.0,23.15,121,39.92,28.65,4.12,9,19.0
28441,2018,2,26,14,10,38.98,23.0,57.79,121,35.94,7.05,3.56,20,1.1
28459,2018,3,3,17,35,51.94,24.0,10.63,121,42.8,10.13,4.91,60,6.4
28470,2018,3,6,7,14,6.74,23.0,53.24,121,34.83,8.27,3.89,29,2.8
28479,2018,3,9,13,45,58.5,24.0,0.47,121,38.3,7.38,3.71,22,1.9
28485,2018,3,12,0,15,37.66,23.0,11.61,120,48.36,6.17,3.53,2,5.5
28494,2018,3,15,11,57,50.29,24.0,2.48,121,0.42,17.22,4.16,11,9.0
28504,2018,3,18,2,59,10.15,23.0,12.0,121,22.59,18.08,4.27,14,6.3
28505,2018,3,18,14,39,2.15,24.0,26.14,121,54.43,22.68,3.6,5,11.3
28507,2018,3,20,9,22,56.29,23.0,17.89,120,32.44,11.21,5.31,99,3.7
28514,2018,3,21,4,50,2.8,24.0,0.38,121,36.83,9.35,3.5,25,1.0
28516,2018,3,21,10,44,19.27,24.0,32.19,121,50.55,8.52,3.62,18,1.9
28523,2018,3,22,14,27,51.19,23.0,35.59,120,37.25,7.66,4.73,99,4.2
28548,2018,3,29,0,17,50.31,24.0,0.25,121,0.88,11.08,5.0,99,5.0
28551,2018,3,29,0,24,17.53,24.0,0.06,121,0.51,10.47,3.84,10,4.6
28567,2018,3,31,7,27,17.21,22.0,52.08,120,38.86,16.57,3.68,7,2.6
28572,2018,4,1,16,2,4.2,23.0,49.08,120,50.72,29.55,4.51,99,1.3
28585,2018,4,7,10,43,41.63,24.0,26.2,121,44.63,6.63,3.65,9,1.3
28604,2018,4,15,13,51,7.38,23.0,11.99,120,48.41,6.04,3.72,4,6.0
28605,2018,4,15,14,11,57.43,23.0,21.48,120,40.69,5.0,4.13,38,6.5
28609,2018,4,16,13,48,59.5,23.0,3.34,121,20.54,18.96,4.86,38,3.4
28612,2018,4,17,20,2,29.4,23.0,25.16,120,30.93,12.45,4.02,43,4.4
28617,2018,4,19,2,46,52.74,24.0,14.18,121,47.23,16.8,4.27,22,7.5
28622,2018,4,21,10,56,54.59,23.0,0.76,121,41.92,24.19,4.7,15,34.7
28625,2018,4,22,23,36,32.4,23.0,3.47,121,20.55,18.71,3.56,2,3.6
28636,2018,4,26,3,12,44.95,22.0,21.81,121,1.15,10.39,4.25,8,11.9
28638,2018,4,26,5,44,20.78,22.0,21.69,121,2.8,3.7,4.62,14,14.8
28661,2018,5,1,6,37,5.16,24.0,19.25,121,42.57,4.05,3.57,6,4.3
28670,2018,5,3,22,19,44.27,23.0,8.35,120,29.72,14.6,4.18,47,4.2
28708,2018,5,20,6,44,54.26,24.0,12.29,121,37.86,18.86,3.54,16,5.2
28713,2018,5,23,8,30,12.56,23.0,25.6,120,17.92,14.18,4.1,75,3.4
28733,2018,5,31,1,3,18.24,22.0,51.65,121,13.55,8.65,4.76,32,1.9
28745,2018,6,1,17,43,26.48,23.0,56.4,121,28.72,18.93,4.34,51,3.2
28746,2018,6,2,0,28,10.82,22.0,50.55,121,13.93,7.94,3.57,13,4.0
28747,2018,6,2,2,1,10.15,23.0,53.1,121,2.91,18.25,4.77,89,9.4
28755,2018,6,4,6,34,11.26,23.0,26.19,120,28.87,11.79,3.77,38,4.2
28760,2018,6,6,18,14,56.08,22.0,50.2,121,12.87,8.37,4.19,22,4.8
28763,2018,6,7,13,17,19.71,23.0,38.78,121,16.12,10.93,3.81,6,13.4
28770,2018,6,7,22,31,44.27,23.0,38.97,121,16.38,10.63,3.62,6,13.2
28777,2018,6,8,20,21,0.56,22.0,51.61,121,14.44,9.46,3.59,15,2.4
28780,2018,6,9,19,9,46.41,23.0,15.84,120,26.09,8.92,3.8,21,3.8
28784,2018,6,10,5,9,48.66,24.0,24.01,121,53.57,18.16,3.72,14,11.7
28786,2018,6,10,8,18,20.2,23.0,34.53,120,34.57,6.08,3.65,23,1.7
28793,2018,6,11,15,42,5.26,23.0,58.83,121,44.9,6.68,4.51,29,12.0
28794,2018,6,11,20,52,27.96,23.0,58.83,121,45.67,5.09,4.68,27,13.3
28802,2018,6,15,6,41,43.01,22.0,54.39,120,3.87,14.27,3.55,11,12.1
28805,2018,6,15,20,53,55.21,24.0,39.98,121,50.2,63.21,5.33,99,0.7
28821,2018,6,22,5,19,58.39,23.0,12.33,120,49.67,4.64,4.1,5,5.3
28839,2018,6,27,15,26,40.43,23.0,0.29,121,10.34,10.39,4.3,21,0.2
28854,2018,6,28,6,30,10.76,22.0,59.72,121,10.4,10.59,4.09,18,1.2
28867,2018,7,2,9,4,27.39,23.0,19.87,120,37.84,7.69,3.69,12,5.0
28871,2018,7,2,19,36,58.48,23.0,26.43,120,29.04,12.21,4.1,66,3.9
28876,2018,7,3,8,32,4.77,24.0,6.01,121,8.07,9.65,3.61,4,3.4
28877,2018,7,3,9,20,54.11,23.0,9.63,120,54.09,1.01,4.84,42,13.0
28884,2018,7,3,20,7,21.77,23.0,1.04,121,11.1,10.3,3.71,13,1.7
28885,2018,7,3,20,10,16.3,23.0,0.7,121,10.88,10.0,4.42,23,1.0
28893,2018,7,5,14,45,39.53,23.0,16.7,120,32.02,10.79,3.55,17,3.0
28913,2018,7,11,12,41,49.5,23.0,1.83,120,12.86,16.75,4.54,60,2.4
28930,2018,7,13,6,31,45.8,22.0,59.47,121,10.19,9.14,4.09,18,1.7
28947,2018,7,13,18,38,39.53,22.0,59.61,121,10.01,8.01,4.84,50,1.6
28949,2018,7,13,18,47,34.91,22.0,59.0,121,9.1,9.2,3.84,14,1.1
28955,2018,7,13,20,42,36.0,22.0,58.4,121,10.28,9.75,3.83,16,1.5
28962,2018,7,16,23,7,13.08,23.0,6.27,120,41.53,7.56,3.94,10,4.0
28973,2018,7,20,23,51,1.26,23.0,56.65,121,28.73,18.34,3.77,41,2.8
28998,2018,8,2,13,38,18.46,23.0,38.25,120,41.76,13.14,4.86,99,4.2
29004,2018,8,3,19,37,10.46,24.0,20.53,121,26.4,6.56,3.6,6,10.6
29011,2018,8,4,11,53,27.37,22.0,59.66,120,1.62,20.3,4.03,22,13.0
29036,2018,8,17,10,9,42.53,24.0,0.75,121,0.73,18.75,4.92,99,5.6
29037,2018,8,17,10,14,59.6,24.0,0.78,121,0.56,18.19,4.27,8,5.9
29042,2018,8,17,11,30,57.83,24.0,0.0,121,0.83,18.34,3.84,6,4.5
29054,2018,8,18,0,15,17.26,24.0,0.88,121,0.08,17.99,5.21,99,4.5
29058,2018,8,18,1,1,25.77,24.0,0.47,120,59.82,17.79,4.26,12,5.4
29061,2018,8,18,2,30,5.16,24.0,1.36,121,0.82,18.76,3.76,2,7.0
29095,2018,8,26,8,20,34.48,23.0,6.36,120,42.03,5.91,3.84,6,4.6
29099,2018,8,26,13,44,22.08,23.0,0.54,120,11.91,13.28,3.51,19,1.3
29109,2018,8,29,20,36,10.94,23.0,52.17,121,28.18,16.49,3.73,17,3.8
29118,2018,9,3,5,59,49.2,24.0,5.42,121,32.16,19.67,4.46,60,7.0
29126,2018,9,8,6,50,39.53,24.0,18.71,121,43.15,26.79,4.42,27,2.8
29135,2018,9,11,4,43,26.61,23.0,52.44,121,31.29,10.31,4.57,50,1.5
29153,2018,9,17,20,8,17.81,24.0,0.93,121,0.94,18.53,4.48,19,5.9
29180,2018,10,1,5,50,11.09,22.0,48.36,121,5.5,6.85,3.8,19,0.3
29195,2018,10,3,9,30,26.85,23.0,26.44,120,29.27,11.65,3.84,61,4.1
29211,2018,10,7,5,41,5.59,24.0,43.2,121,0.47,6.49,3.66,24,3.7
29224,2018,10,9,8,12,58.7,22.0,54.98,121,22.5,24.77,4.63,27,13.0
29260,2018,10,23,4,34,58.22,24.0,0.15,122,37.44,31.19,6.11,99,95.1
29280,2018,10,31,0,11,28.1,23.0,45.03,121,24.09,22.18,4.27,21,4.9
29286,2018,11,3,11,19,3.6,24.0,4.79,121,31.46,21.0,3.76,37,8.1
29293,2018,11,6,14,52,10.48,24.0,23.37,121,46.67,9.46,3.72,14,5.0
29306,2018,11,10,1,51,19.84,23.0,21.33,120,13.16,7.2,4.42,60,1.0
29341,2018,11,19,16,31,34.31,24.0,24.59,121,55.17,39.15,4.73,93,13.4
29391,2018,12,8,16,7,7.79,23.0,37.14,120,42.88,15.77,4.21,70,6.7
29400,2018,12,9,15,15,41.33,24.0,3.11,121,31.02,19.68,5.16,99,7.8
29402,2018,12,10,10,58,7.71,23.0,3.74,121,20.29,18.75,4.61,26,4.0
29407,2018,12,12,11,37,54.98,23.0,5.22,120,40.65,6.42,3.87,7,1.6
29409,2018,12,12,13,24,23.76,23.0,54.37,121,31.4,12.37,5.09,85,0.9
29412,2018,12,13,20,56,39.45,24.0,3.32,121,31.37,19.04,3.63,34,7.4
29418,2018,12,15,21,21,5.48,23.0,44.04,121,54.61,32.87,5.8,99,35.9
29442,2018,12,25,3,56,44.35,22.0,35.3,120,47.95,5.77,4.56,52,16.7
29445,2018,12,26,12,2,58.96,23.0,55.34,121,27.98,20.23,3.93,26,7.0
29452,2018,12,29,13,44,57.59,23.0,37.23,120,43.31,15.42,4.16,78,6.8
29466,2019,1,3,18,2,48.75,22.0,53.72,120,58.31,4.79,4.94,60,11.1
29472,2019,1,3,22,59,20.53,22.0,53.28,120,57.4,4.9,4.47,38,12.8
29478,2019,1,7,22,19,42.63,22.0,47.55,121,21.43,13.25,4.28,12,16.0
29480,2019,1,8,12,16,46.27,23.0,14.64,121,32.0,34.03,5.49,99,11.6
29497,2019,1,13,18,28,26.63,22.0,55.99,121,12.34,28.54,4.36,32,4.9
29502,2019,1,15,20,28,43.47,24.0,27.19,121,48.52,7.6,4.04,28,1.4
29506,2019,1,15,20,52,10.8,24.0,27.17,121,48.31,7.43,3.97,25,1.3
29518,2019,1,19,6,35,26.58,23.0,22.79,120,30.39,6.56,3.93,50,2.4
29521,2019,1,19,16,44,10.88,24.0,26.76,121,53.6,12.04,3.81,13,9.6
29543,2019,1,24,7,14,41.19,23.0,8.3,121,26.33,10.83,3.66,4,8.1
29548,2019,1,26,16,23,11.73,23.0,22.58,120,29.65,7.5,3.67,34,3.7
29571,2019,1,29,19,47,21.83,23.0,31.71,120,23.26,8.82,3.55,18,3.9
29572,2019,1,30,5,21,35.85,23.0,44.65,122,23.57,39.68,5.96,99,82.3
29573,2019,1,30,8,31,49.99,22.0,50.75,120,56.19,9.55,3.59,16,15.1
29583,2019,1,30,15,14,53.79,21.0,48.63,120,35.21,46.75,5.18,12,20.8
29606,2019,2,7,16,52,4.83,23.0,15.63,120,36.34,13.71,5.07,99,4.0
29622,2019,2,9,20,12,57.17,25.0,8.0,121,32.44,7.71,4.04,72,3.7
29633,2019,2,12,18,23,2.05,23.0,44.83,121,34.55,5.47,4.37,21,4.8
29641,2019,2,15,14,8,7.11,23.0,47.86,121,44.9,45.6,5.17,99,18.9
29645,2019,2,17,10,22,29.24,23.0,7.39,120,26.85,14.64,4.21,54,1.2
29663,2019,2,24,12,55,18.27,23.0,19.5,120,34.3,14.35,3.79,27,3.7
29669,2019,2,28,18,47,51.82,23.0,59.27,121,0.29,16.46,3.66,5,3.1
29687,2019,3,8,2,32,14.45,22.0,26.25,121,23.86,24.08,5.36,88,42.6
29694,2019,3,9,17,27,29.7,23.0,55.69,121,27.08,19.84,4.06,43,5.9
29701,2019,3,12,3,53,39.4,22.0,55.01,120,37.06,10.78,4.2,32,5.9
29703,2019,3,12,14,27,28.46,24.0,37.63,121,41.42,8.16,3.85,49,1.7
29707,2019,3,13,4,32,34.97,23.0,35.7,121,35.32,35.91,5.42,99,7.0
29711,2019,3,13,21,7,22.67,23.0,3.37,121,21.25,17.73,4.77,40,4.0
29714,2019,3,16,0,45,51.96,23.0,13.12,121,23.34,18.92,4.62,37,3.0
29754,2019,4,3,1,52,55.39,22.0,56.24,120,52.1,4.87,5.95,99,21.7
29760,2019,4,4,1,56,55.14,22.0,58.96,120,51.78,3.48,5.51,99,21.9
29771,2019,4,4,12,56,50.06,23.0,42.66,121,34.63,31.48,4.68,46,3.0
29779,2019,4,5,21,24,55.24,22.0,49.38,120,41.15,16.92,4.56,99,5.6
29784,2019,4,8,6,58,9.79,21.0,59.81,121,30.74,17.64,4.84,1,6.5
29801,2019,4,9,15,13,21.89,23.0,59.01,121,34.06,11.65,5.12,83,1.1
29803,2019,4,9,20,24,13.58,23.0,57.97,121,33.44,10.25,4.87,75,0.9
29804,2019,4,9,22,57,52.35,24.0,11.24,121,52.72,25.67,5.03,87,17.6
29808,2019,4,10,20,26,59.48,24.0,7.52,121,35.33,16.49,3.5,13,3.7
29820,2019,4,15,15,26,22.97,24.0,2.71,121,31.2,20.03,4.22,71,7.3
29824,2019,4,18,5,1,7.11,24.0,3.26,121,33.55,20.33,6.32,99,4.0
29826,2019,4,18,5,17,26.63,24.0,4.89,121,31.79,20.62,4.23,52,7.6
29835,2019,4,19,1,54,32.84,24.0,3.08,121,31.05,19.67,3.9,38,7.7
29845,2019,4,21,8,9,48.4,24.0,45.03,121,49.12,10.01,4.0,56,1.0
29847,2019,4,21,8,15,15.65,24.0,45.16,121,49.21,10.46,3.9,53,0.9
29869,2019,4,27,9,49,47.04,24.0,4.69,121,31.58,20.84,3.84,32,7.8
29874,2019,4,29,19,58,1.45,23.0,44.5,121,28.45,9.29,3.71,14,1.5
29878,2019,5,1,3,17,58.7,23.0,47.22,121,25.95,18.52,4.21,41,2.4
29884,2019,5,2,10,44,43.05,24.0,29.17,121,56.5,41.15,4.92,87,11.7
29929,2019,5,20,18,48,13.36,24.0,17.89,121,37.58,23.26,3.59,18,12.6
29930,2019,5,22,1,37,24.91,23.0,57.71,121,38.6,28.8,4.81,80,3.1
29932,2019,5,23,6,12,49.39,24.0,1.0,121,32.93,14.45,4.96,99,3.1
29935,2019,5,25,6,27,40.85,23.0,12.65,121,23.43,21.31,4.4,31,2.2
29953,2019,5,31,15,53,18.13,22.0,55.36,120,34.67,13.44,4.81,99,4.3
29958,2019,6,1,8,9,5.49,22.0,24.31,120,59.19,10.74,3.96,12,7.9
29968,2019,6,4,9,46,18.99,22.0,50.54,121,36.7,14.68,5.93,99,23.8
29971,2019,6,5,19,27,20.57,23.0,49.99,121,34.64,22.41,4.65,52,4.4
29991,2019,6,13,13,40,24.33,23.0,42.95,121,24.48,15.6,3.62,9,1.5
30021,2019,6,25,21,8,34.13,23.0,22.61,120,29.82,7.32,3.53,30,3.4
30053,2019,7,7,3,51,3.4,23.0,17.56,120,7.73,11.51,4.0,43,3.5
30061,2019,7,11,21,10,7.1,24.0,4.04,121,39.26,9.26,3.95,27,5.3
30069,2019,7,15,8,2,7.97,22.0,23.66,120,57.47,13.9,4.08,11,7.0
30079,2019,7,18,16,30,44.66,23.0,26.08,120,22.56,10.2,3.7,47,4.0
30098,2019,7,27,12,23,36.43,24.0,11.64,121,37.29,18.47,3.85,37,3.9
30112,2019,8,2,1,30,1.0,23.0,41.92,121,31.04,3.2,3.54,10,3.2
30114,2019,8,2,13,53,8.78,23.0,42.52,121,31.52,4.22,4.65,24,2.3
30127,2019,8,2,20,59,42.73,23.0,41.19,121,31.95,3.4,3.62,7,2.8
30131,2019,8,2,22,24,43.96,23.0,41.27,121,32.16,4.1,4.96,39,2.5
30154,2019,8,3,7,55,54.21,23.0,42.37,121,31.24,5.0,3.54,7,2.7
30163,2019,8,4,0,24,35.44,23.0,42.84,121,29.91,3.87,3.69,11,5.0
30172,2019,8,4,6,25,52.45,23.0,40.63,121,32.03,3.04,4.12,13,2.8
30182,2019,8,5,3,39,38.95,23.0,17.89,120,26.8,4.35,4.06,46,2.9
30190,2019,8,6,1,19,48.74,23.0,40.35,121,31.82,4.57,5.1,44,2.4
30195,2019,8,6,1,31,30.4,23.0,40.73,121,31.4,3.65,4.69,26,3.3
30222,2019,8,7,1,38,9.31,23.0,41.81,121,34.98,5.3,3.52,4,3.8
30230,2019,8,7,21,28,3.56,24.0,26.18,121,54.58,24.15,6.24,99,11.4
30236,2019,8,8,6,0,0.47,24.0,28.24,121,50.83,19.31,3.82,31,4.7
30248,2019,8,10,8,3,18.59,23.0,39.65,121,30.82,3.48,4.14,11,2.5
30250,2019,8,10,19,50,20.87,23.0,39.79,121,29.94,3.31,3.55,7,4.0
30254,2019,8,10,21,43,19.94,23.0,44.22,121,31.48,3.83,3.72,6,4.0
30255,2019,8,10,22,12,38.73,23.0,44.15,121,31.54,6.12,4.27,15,3.8
30270,2019,8,15,21,41,40.39,23.0,33.97,120,43.01,17.75,4.71,99,5.3
30301,2019,8,18,4,5,14.77,23.0,44.6,121,32.11,6.6,4.97,61,4.1
30366,2019,8,18,9,18,9.37,23.0,43.64,121,31.25,5.75,3.78,10,3.5
30439,2019,8,25,20,41,31.62,23.0,59.7,121,33.28,12.52,3.88,41,1.0
30441,2019,8,27,11,25,44.34,23.0,37.6,121,29.2,4.15,3.68,7,4.7
30442,2019,8,27,12,10,9.83,23.0,37.67,121,28.8,4.81,3.97,9,5.3
30449,2019,8,30,6,46,19.06,22.0,50.75,120,39.4,19.39,4.19,27,4.5
30457,2019,9,2,7,23,10.95,24.0,3.26,121,31.26,19.11,3.56,35,7.5
30459,2019,9,3,0,47,30.97,23.0,44.88,121,30.28,6.85,4.6,22,3.7
30473,2019,9,5,17,50,55.92,23.0,1.97,121,7.01,10.14,3.91,13,5.1
30494,2019,9,12,2,56,9.6,24.0,23.55,121,24.88,6.17,3.84,18,6.0
30503,2019,9,16,14,12,22.95,23.0,24.96,121,21.15,12.42,3.77,9,4.7
30511,2019,9,21,9,34,48.56,24.0,27.13,120,56.43,6.8,3.99,27,1.5
30546,2019,9,30,17,12,58.12,22.0,54.62,120,35.66,14.9,4.54,74,7.7
30547,2019,9,30,17,54,54.45,24.0,17.68,121,49.39,13.58,3.97,8,7.1
30549,2019,10,1,2,17,48.85,22.0,34.82,121,1.52,7.24,4.41,22,4.3
30556,2019,10,3,7,36,45.4,23.0,2.79,121,7.03,5.85,3.85,16,4.8
30565,2019,10,8,11,50,25.85,24.0,3.34,121,29.98,23.85,3.88,20,9.6
30597,2019,10,21,22,18,10.12,24.0,19.91,121,38.07,22.98,3.58,8,15.6
30598,2019,10,21,23,6,2.64,24.0,20.0,121,38.31,23.63,3.52,7,11.6
30617,2019,10,27,23,28,3.17,24.0,28.56,121,53.45,26.71,4.5,33,7.7
30642,2019,11,4,3,32,17.93,24.0,1.2,121,30.42,16.4,3.97,49,6.2
30645,2019,11,5,0,50,19.28,24.0,27.29,121,49.28,17.21,3.66,24,2.3
30683,2019,11,19,9,15,39.01,22.0,47.07,121,2.71,4.89,3.73,22,2.0
30726,2019,12,9,14,38,4.31,23.0,12.15,121,24.26,23.92,3.89,14,1.5
30727,2019,12,10,4,13,55.46,24.0,2.8,121,29.87,21.83,4.13,39,9.0
30730,2019,12,11,13,23,58.26,24.0,47.35,121,53.5,10.31,3.99,40,7.6
30732,2019,12,11,14,2,5.56,24.0,47.56,121,53.12,10.52,4.11,44,7.3
30744,2019,12,16,11,25,57.69,24.0,32.51,121,45.71,49.73,5.25,99,7.4
30745,2019,12,16,23,41,52.26,24.0,2.13,121,31.09,18.08,4.19,52,6.6
30788,2019,12,31,13,9,29.2,23.0,7.04,121,10.85,11.32,3.52,8,1.8
30791,2019,12,31,19,10,10.54,24.0,5.0,121,40.26,10.8,4.95,61,5.0
