network,station_code,location_code,latitude,longitude,elevation (m)
TSMIP,,ALS,23.5083,120.8134,2413
TSMIP,,ANP,25.1826,121.5292,826
TSMIP,,ANPB,25.1865,121.5202,825
TSMIP,,AXDP,24.8982,117.966,880
TSMIP,,BAC,24.9975,121.4418,5
TSMIP,,BGSB,24.057,120.6106,107
TSMIP,,CHGB,24.0602,121.174,1850
TSMIP,,CHK,23.0977,121.373,34
TSMIP,,CHKH,23.1917,121.3957,7
TSMIP,,CHN1,23.185,120.5285,217
TSMIP,,CHN2,23.5319,120.4744,45
TSMIP,,CHN3,23.0751,120.3643,50
TSMIP,,CHN4,23.3513,120.594,957
TSMIP,,CHN5,23.5973,120.6776,840
TSMIP,,CHN8,23.3474,120.2227,6
TSMIP,,CHY,23.4963,120.4325,31
TSMIP,C001,CHY001,23.7046,120.2491,8
TSMIP,C002,CHY002,23.7168,120.4201,27
TSMIP,C003,CHY003,23.7149,120.5385,52
TSMIP,C004,CHY004,23.5996,120.1795,2
TSMIP,C005,CHY005,23.61,120.4217,21
TSMIP,C006,CHY006,23.5796,120.5601,173
TSMIP,C008,CHY008,23.4836,120.2776,11
TSMIP,,CHY009,23.4727,120.4164,32
TSMIP,C010,CHY010,23.463,120.5529,211
TSMIP,C011,CHY011,23.4831,120.6544,658
TSMIP,C012,CHY012,23.3304,120.1597,5
TSMIP,,CHY013,23.3561,120.2738,15
TSMIP,C014,CHY014,23.2945,120.5927,260
TSMIP,C015,CHY015,23.3526,120.4138,39
TSMIP,C016,CHY016,23.2191,120.1621,7
TSMIP,C017,CHY017,23.2137,120.2769,8
TSMIP,,CHY018,23.2224,120.4002,130
TSMIP,,CHY020,23.1023,120.1583,7
TSMIP,C021,CHY021,23.0791,120.2957,14
TSMIP,C022,CHY022,23.0441,120.4697,102
TSMIP,C023,CHY023,22.9648,120.2889,26
TSMIP,C024,CHY024,23.7553,120.6156,101
TSMIP,C025,CHY025,23.7774,120.5229,47
TSMIP,C026,CHY026,23.7966,120.4195,27
TSMIP,C027,CHY027,23.751,120.2543,10
TSMIP,C028,CHY028,23.6308,120.6157,309
TSMIP,C029,CHY029,23.6125,120.5373,111
TSMIP,,CHY030,23.642,120.4838,43
TSMIP,,CHY031,23.6575,120.3498,17
TSMIP,C032,CHY032,23.577,120.3018,16
TSMIP,,CHY033,23.5391,120.2253,5
TSMIP,,CHY034,23.5207,120.5525,138
TSMIP,C035,CHY035,23.5186,120.5916,224
TSMIP,C036,CHY036,23.6052,120.4881,48
TSMIP,C037,CHY037,23.5546,120.4292,30
TSMIP,,CHY038,23.5343,120.4555,49
TSMIP,,CHY039,23.5193,120.3512,18
TSMIP,C041,CHY041,23.4386,120.6047,233
TSMIP,,CHY042,23.3563,120.5918,912
TSMIP,C043,CHY043,23.4048,120.3363,19
TSMIP,C044,CHY044,23.3812,120.1722,20
TSMIP,C045,CHY045,23.3003,120.6669,418
TSMIP,,CHY046,23.4753,120.4713,82
TSMIP,C047,CHY047,23.4936,120.4553,42
TSMIP,,CHY048,23.4707,120.4453,34
TSMIP,C049,CHY049,23.3655,120.3663,24
TSMIP,,CHY051,23.2799,120.4673,128
TSMIP,C052 ,CHY052,23.28783417,120.5009995,470
TSMIP,C053,CHY053,23.2864,120.3637,20
TSMIP,,CHY054,23.3057,120.3175,21
TSMIP,,CHY055,23.2687,120.2768,13
TSMIP,C056,CHY056,23.2621,120.1392,3
TSMIP,C058,CHY058,23.1714,120.3271,20
TSMIP,,CHY059,23.1829,120.1113,4
TSMIP,C060,CHY060,23.1234,120.2458,10
TSMIP,,CHY061,23.0746,120.5189,112
TSMIP,C062,CHY062,23.1216,120.459,64
TSMIP,,CHY063,23.0259,120.3495,48
TSMIP,,CHY064,23.003,120.2416,27
TSMIP,C065,CHY065,22.9043,120.3517,44
TSMIP,C066,CHY066,22.9188,120.2172,4
TSMIP,,CHY067,22.9975,120.1922,10
TSMIP,C068 ,CHY068,22.98603333,120.2096722,20
TSMIP,C069,CHY069,22.9732,120.1897,7
TSMIP,,CHY070,22.9638,120.2363,27
TSMIP,,CHY071,23.063,120.1728,8
TSMIP,C073,CHY073,23.4963,120.4325,31
TSMIP,C074,CHY074,23.5084,120.8134,2417
TSMIP,C075,CHY075,23.5653,119.5637,14
TSMIP,C076,CHY076,23.6363,120.2298,8
TSMIP,C077,CHY077,23.1735,120.2017,8
TSMIP,C078,CHY078,23.038,120.2366,11
TSMIP,,CHY079,23.185,120.5285,216
TSMIP,,CHY080,23.5972,120.6769,799
TSMIP,,CHY081,23.2651,120.4999,609
TSMIP,C082,CHY082,23.7227,120.3067,11
TSMIP,C083,CHY083,23.7222,120.5858,69
TSMIP,C084,CHY084,23.7268,120.464,32
TSMIP,C085,CHY085,22.9932,120.2048,19
TSMIP,,CHY086,23.3513,120.594,956
TSMIP,C087,CHY087,23.3821,120.5299,175
TSMIP,,CHY088,23.3445,120.438,44
TSMIP,,CHY089,23.0753,120.3641,55
TSMIP,C092,CHY092,23.7889,120.4862,34
TSMIP,C093,CHY093,23.6513,120.1552,3
TSMIP,C094,CHY094,23.7923,120.3306,14
TSMIP,C095,CHY095,23.4559,120.3306,18
TSMIP,C096,CHY096,22.9813,120.2407,31
TSMIP,C097,CHY097,23.0089,120.2115,16
TSMIP,C098,CHY098,23.0006,120.1661,8
TSMIP,C099,CHY099,23.1361,120.2882,17
TSMIP,C100,CHY100,23.2256,120.3503,31
TSMIP,C101,CHY101,23.6844,120.5703,80
TSMIP,C102,CHY102,23.2438,120.6223,555
TSMIP,C103 ,CHY103,23.69951,120.53902,55
TSMIP,C104,CHY104,23.6678,120.4735,35
TSMIP,C105,CHY105,23.5547,120.3453,16
TSMIP,C106,CHY106,23.4363,120.4147,32
TSMIP,C107,CHY107,23.2977,120.2992,15
TSMIP,C108 ,CHY108,23.18597221,120.2542801,6
TSMIP,,CHY109,23.2462,120.5364,256
TSMIP,,CHY110,23.2476,120.5337,146
TSMIP,,CHY111,23.7896,120.2335,4
TSMIP,C112,CHY112,23.7025,120.193,3
TSMIP,C113,CHY113,23.4201,120.2139,4
TSMIP,,CHY114,23.0367,120.1269,4
TSMIP,C115 ,CHY115,23.146882,120.085954,1
TSMIP,C116,CHY116,23.0768,120.1167,7
TSMIP,,CHY117,23.8044,120.2232,10
TSMIP,,CHY118,23.1823,120.4857,99
TSMIP,,CHY119,23.4722,120.4674,49
TSMIP,,CHY120,23.457,120.2939,17
TSMIP,C121,CHY121,23.4875,120.9591,3805
TSMIP,,CHY122,23.323,120.3096,12
TSMIP,C123,CHY123,23.4835,120.2395,7
TSMIP,C124,CHY124,23.2573,119.6675,34
TSMIP,,CHY125,22.9922,120.1666,13
TSMIP,,CHY126,23.6988,120.5305,47
TSMIP,,CHY127,23.5784,119.5739,19
TSMIP,,CHY128,23.2945,120.3867,29
TSMIP,C129,CHY129,23.2926,120.2441,9
TSMIP,,CHY130,23.5656,120.4714,57
TSMIP,C131,CHY131,23.1196,120.3613,28
TSMIP,,CHY132,23.4592,120.5237,134
TSMIP,,CHY133,23.5319,120.4744,102
TSMIP,C134,CHY134,23.3473,120.2227,6
TSMIP,,CHY135,23.2873,120.5065,436
TSMIP,,CHY136,23.6345,120.7193,1557
TSMIP,C137,CHY137,23.5167,120.8154,2297
TSMIP,C138,CHY138,23.6454,120.3174,13
TSMIP,C139,CHY139,23.6443,120.4309,27
TSMIP,C140,CHY140,23.2377,120.1752,7
TSMIP,C141,CHY141,23.1226,120.1988,7
TSMIP,C142,CHY142,23.0559,120.4035,57
TSMIP,C143,CHY143,22.9641,120.3587,83
TSMIP,C144,CHY144,23.6044,120.394,16
TSMIP,C145,CHY145,23.4605,120.1532,3
TSMIP,C146,CHY146,23.1817,120.2599,17
TSMIP,,CHY147,22.9434,120.2175,36
TSMIP,,CHY148,23.3172,120.404,54
TSMIP,,CHY149,23.4589,120.5086,115
TSMIP,C150,CHY150,23.6888,120.5381,54
TSMIP,,CHY151,23.2198,120.4973,170
TSMIP,C152,CHY152,23.6876,120.3886,21
TSMIP,,CHY153,23.3606,120.2794,30
TSMIP,,CHY154,23.0213,120.3479,59
TSMIP,C155,CHY155,23.5227,120.2279,2
TSMIP,C156,CHY156,23.1467,120.0865,22
TSMIP,C157,CHY157,23.4777,120.2999,16
TSMIP,C158,CHY158,23.6458,120.588699,168
TSMIP,C159,CHY159,23.616523,120.578343,272
TSMIP,C160,CHY160,23.596489,120.573541,320
TSMIP,C161,CHY161,23.55868,120.554415,186
TSMIP,C162,CHY162,23.570355,120.519995,98
TSMIP,,DHTZ,25.5051,118.224,556
TSMIP,,DOSB,20.701,116.7306,5
TSMIP,,DPDB,24.0334,120.9264,650
TSMIP,,DSXP,23.7082,117.426,54
TSMIP,,DYSB,24.8208,121.4049,1000
TSMIP,,EAH,24.3293,121.7393,51
TSMIP,,EAS,22.382,120.8564,445
TSMIP,,ECB,23.3163,121.4512,63
TSMIP,,ECL,22.596,120.962,70
TSMIP,,ECS,23.0953,121.2192,278
TSMIP,,EDH,22.9725,121.3039,79
TSMIP,,EGC,23.7078,121.5475,5
TSMIP,,EGFH,23.6688,121.4274,132
TSMIP,,EGS,24.8427,121.9437,3
TSMIP,,EHD,23.1488,121.2061,322
TSMIP,,EHP,24.3075,121.749,24
TSMIP,,EHY,23.5038,121.3299,237
TSMIP,,EHYH,23.4938,121.3451,168
TSMIP,,ELD,23.1871,121.025,1040
TSMIP,,ELDH,23.1864,121.025,1040
TSMIP,,ENA,24.4263,121.749,113
TSMIP,,ENA1,24.4494,121.8102,4
TSMIP,,ENAH,24.4494,121.8102,4
TSMIP,,ENLB,23.9036,121.6017,71
TSMIP,,ENT,24.6378,121.5736,280
TSMIP,,ESA,24.5757,121.8439,33
TSMIP,,ESL,23.8121,121.4415,178
TSMIP,,ETL,24.1582,121.623,415
TSMIP,,ETLH,24.2068,121.4818,969
TSMIP,,ETM,23.9655,121.4928,190
TSMIP,,EWT,24.445,121.7783,54
TSMIP,,EYL,23.9037,121.602,71
TSMIP,,EYUL,23.3472,121.3191,165
TSMIP,,FULB,23.1986,121.2939,376
TSMIP,,FUSB,24.7597,121.5875,690
TSMIP,,FUSS,24.2476,121.2438,2247
TSMIP,,GWUB,24.5059,121.1131,2159
TSMIP,,HEN,22.0038,120.746,22
TSMIP,,HGSD,23.4921,121.4239,94
TSMIP,,HKPS,22.28,114.14,196
TSMIP,,HOPB,24.3328,121.6929,160
TSMIP,,HSN,24.8282,121.0143,34
TSMIP,,HSN1,24.778,121.018,102
TSMIP,,HWA,23.9751,121.6135,-103
TSMIP,,HWA,23.975,121.6135,18
TSMIP,,HWA,23.9754,121.6133,16.003
TSMIP,,HWA001,23.789,121.5631,34
TSMIP,F002,HWA002,23.5982,121.5202,18
TSMIP,F003 ,HWA003,23.475789,121.505533,23
TSMIP,F004,HWA004,23.1727,121.2483,244
TSMIP,,HWA005,23.6606,121.4249,120
TSMIP,,HWA006,23.6708,121.4245,126
TSMIP,,HWA007,23.9865,121.6262,31
TSMIP,,HWA008,23.9873,121.603,15
TSMIP,,HWA009,23.9903,121.6223,42
TSMIP,,HWA010,23.9783,121.6027,12
TSMIP,,HWA011,23.9953,121.5948,25
TSMIP,,HWA012,23.992,121.6314,28
TSMIP,F013 ,HWA013,23.975575,121.598439,15
TSMIP,,HWA014,23.9712,121.6057,10
TSMIP,F015,HWA015,23.9729,121.5627,44
TSMIP,,HWA016,23.9632,121.5685,44
TSMIP,,HWA017,23.9482,121.547,76
TSMIP,,HWA018,23.9047,121.5325,51
TSMIP,F019,HWA019,23.975,121.6135,18
TSMIP,F020,HWA020,23.812,121.4416,180
TSMIP,,HWA021,23.5038,121.3299,249
TSMIP,,HWA023,24.0812,121.6045,56
TSMIP,,HWA024,23.3508,121.3053,254
TSMIP,,HWA025,24.1617,121.6522,39
TSMIP,F026,HWA026,24.1182,121.6245,47
TSMIP,,HWA027,24.0537,121.5986,32
TSMIP,F028,HWA028,24.0144,121.6094,20
TSMIP,,HWA029,23.9353,121.5777,34
TSMIP,,HWA030,23.784,121.4561,121
TSMIP,F031 ,HWA031,23.76411,121.50017,90
TSMIP,,HWA032,23.7083,121.4199,141
TSMIP,F033,HWA033,23.6846,121.4827,119
TSMIP,,HWA034,23.5878,121.3837,167
TSMIP,,HWA035,23.7303,121.4446,120
TSMIP,F036,HWA036,23.4977,121.3745,109
TSMIP,F037,HWA037,23.452,121.3936,97
TSMIP,,HWA038,23.4588,121.3519,223
TSMIP,F039,HWA039,23.383,121.3593,141
TSMIP,F041,HWA041,23.2648,121.3026,175
TSMIP,F042,HWA042,23.2199,121.2645,207
TSMIP,F043,HWA043,23.7078,121.5476,9
TSMIP,F044,HWA044,23.6517,121.5363,25
TSMIP,F045,HWA045,24.309,121.7494,27
TSMIP,,HWA046,24.1478,121.6291,58
TSMIP,F047 ,HWA047,24.12542,121.654903,15
TSMIP,F048,HWA048,24.0095,121.5805,30
TSMIP,F049,HWA049,23.9932,121.5645,58
TSMIP,,HWA050,23.9878,121.5908,26
TSMIP,,HWA051,23.8676,121.5568,51
TSMIP,,HWA052,23.8193,121.4737,118
TSMIP,F053,HWA053,23.4064,121.3204,137
TSMIP,F054,HWA054,23.4305,121.3487,93
TSMIP,,HWA055,23.3207,121.34,152
TSMIP,,HWA056,24.1778,121.5159,445
TSMIP,,HWA057,24.1587,121.6229,118
TSMIP,F058,HWA058,23.9659,121.4928,170
TSMIP,F059,HWA059,23.8706,121.5073,40
TSMIP,,HWA060,23.9035,121.6017,66
TSMIP,,HWA061,24.018,121.6107,15
TSMIP,,HWA062,23.9796,121.6198,19
TSMIP,,HWA063,23.9935,121.5929,23
TSMIP,,HWA065,23.3292,121.3194,129
TSMIP,,HWA066,23.483,121.5116,11
TSMIP,F067,HWA067,23.7545,121.4688,91
TSMIP,F068,HWA068,23.8974,121.5509,57
TSMIP,,HWA069,24.1716,121.5713,674
TSMIP,,HWA070,23.1988,121.2939,372
TSMIP,F071,HWA071,23.6689,121.4275,126
TSMIP,F072,HWA072,24.2068,121.4817,1005
TSMIP,F073,HWA073,23.3472,121.3191,138
TSMIP,F074,HWA074,23.7875,121.5627,34
TSMIP,F075,HWA075,23.494,121.3451,173
TSMIP,,HWAB,23.977,121.605,20
TSMIP,,ICHU,23.3606,120.2793,37
TSMIP,,ILA,24.7638,121.7563,11
TSMIP,E001 ,ILA001,24.880858,121.842893,11
TSMIP,,ILA002,24.8429,121.8048,8
TSMIP,,ILA003,24.7958,121.79,5
TSMIP,E004,ILA004,24.7435,121.7906,5
TSMIP,,ILA005,24.6968,121.8127,4
TSMIP,,ILA006,24.6396,121.8327,9
TSMIP,,ILA007,24.5925,121.8535,11
TSMIP,,ILA008,24.7072,121.7707,11
TSMIP,,ILA012,24.7798,121.744,16
TSMIP,,ILA013,24.734,121.7377,10
TSMIP,,ILA014,24.6927,121.7271,20
TSMIP,E015,ILA015,24.779,121.6992,99
TSMIP,,ILA016,24.748,121.6906,26
TSMIP,,ILA017,24.7177,121.6887,39
TSMIP,,ILA018,24.6799,121.6881,51
TSMIP,,ILA019,24.6417,121.6955,124
TSMIP,E020,ILA020,24.7538,121.6356,480
TSMIP,,ILA021,24.7115,121.653,95
TSMIP,E022,ILA022,24.6668,121.6509,99
TSMIP,E023,ILA023,24.6787,121.6095,144
TSMIP,,ILA025,24.6378,121.5737,252
TSMIP,E026,ILA026,24.6733,121.7728,9
TSMIP,,ILA027,24.6889,121.7667,10
TSMIP,,ILA028,24.7535,121.7547,12
TSMIP,,ILA029,24.7713,121.7544,12
TSMIP,,ILA030,24.7248,121.7637,7
TSMIP,,ILA031,24.5972,121.8407,23
TSMIP,,ILA032,24.622,121.8347,11
TSMIP,E033,ILA033,24.8631,121.8275,14
TSMIP,,ILA034,24.802,121.8141,4
TSMIP,E035,ILA035,24.8223,121.7685,21
TSMIP,,ILA036,24.7875,121.7595,10
TSMIP,E037,ILA037,24.7435,121.7229,17
TSMIP,,ILA038,24.7199,121.744,11
TSMIP,,ILA039,24.7637,121.7298,19
TSMIP,,ILA040,24.7723,121.7988,4
TSMIP,,ILA041,24.722,121.8003,5
TSMIP,E042,ILA042,24.6874,121.7986,6
TSMIP,,ILA043,24.6267,121.7437,43
TSMIP,,ILA044,24.6535,121.7625,12
TSMIP,E046,ILA046,24.665,121.7423,31
TSMIP,E047 ,ILA047,24.643824,121.794105,4
TSMIP,,ILA048,24.7647,121.7698,7
TSMIP,E049,ILA049,24.7638,121.7563,11
TSMIP,E050,ILA050,24.4259,121.749,123
TSMIP,,ILA051,24.7181,121.6829,56
TSMIP,,ILA052,24.6082,121.86,33
TSMIP,E053,ILA053,24.3294,121.7393,56
TSMIP,,ILA054,24.9704,121.9259,31
TSMIP,,ILA055,24.7366,121.8162,4
TSMIP,E056 ,ILA056,24.759039,121.814289,3
TSMIP,,ILA057,24.8048,121.7495,73
TSMIP,,ILA058,24.6747,121.7575,15
TSMIP,E059,ILA059,24.6654,121.8296,8
TSMIP,E060,ILA060,24.5757,121.8439,48
TSMIP,,ILA061,24.5218,121.8331,23
TSMIP,E062,ILA062,24.4663,121.8008,33
TSMIP,,ILA063,24.613,121.5259,305
TSMIP,,ILA064,24.4737,121.7852,44
TSMIP,,ILA065,24.4706,121.7776,46
TSMIP,E066 ,ILA066,24.44517,121.7783,40
TSMIP,E067,ILA067,24.4374,121.3813,1148
TSMIP,E068,ILA068,24.5972,121.8573,8
TSMIP,E069,ILA069,24.8427,121.9437,20
TSMIP,,ILA070,24.7546,121.7556,13
TSMIP,,ILA071,24.6216,121.7942,22
TSMIP,E072,ILA072,24.7001,121.7717,28
TSMIP,,ILA073,24.8535,121.8302,7
TSMIP,,ILA074,24.6025,121.5128,441
TSMIP,E075,ILA075,24.445,121.7783,40
TSMIP,E076,ILA076,24.634,121.7168,88
TSMIP,,ILAN,24.764,121.7566,27
TSMIP,,JIGB,23.9601,121.0049,680
TSMIP,,JMJ,24.8203,125.2843,43
TSMIP,,JMZ,25.8198,131.2237,50
TSMIP,,JOW,26.8382,128.2642,220
TSMIP,,KAU,22.5662,120.3157,1
TSMIP,D001 ,KAU001,23.16083336,120.6431122,365
TSMIP,,KAU003,22.6308,120.2636,49
TSMIP,,KAU004,22.631,120.3515,14
TSMIP,D005,KAU005,22.6167,120.3492,19
TSMIP,,KAU006,22.5896,120.3255,5
TSMIP,,KAU007,22.6426,120.3686,24
TSMIP,D008,KAU008,22.6284,120.376,15
TSMIP,D009,KAU009,22.8675,120.2643,23
TSMIP,,KAU010,22.7858,120.2865,12
TSMIP,D011,KAU011,22.7601,120.2643,12
TSMIP,D012,KAU012,22.8772,120.3791,36
TSMIP,D013,KAU013,22.7945,120.3654,55
TSMIP,D014,KAU014,22.7015,120.3488,21
TSMIP,D015,KAU015,22.6543,120.3414,12
TSMIP,D017,KAU017,22.507,120.3934,7
TSMIP,,KAU018,22.8882,120.4809,54
TSMIP,D020,KAU020,22.8998,120.5433,48
TSMIP,,KAU021,22.7162,120.4468,69
TSMIP,,KAU022,22.6684,120.4993,25
TSMIP,D023,KAU023,22.6767,120.4961,29
TSMIP,,KAU024,22.6633,120.4803,23
TSMIP,,KAU025,22.6817,120.4855,30
TSMIP,,KAU026,22.6979,120.507,35
TSMIP,,KAU027,22.6592,120.5091,26
TSMIP,D028,KAU028,22.826,120.5992,86
TSMIP,D029,KAU029,22.754,120.5759,59
TSMIP,,KAU030,22.6101,120.5672,26
TSMIP,D031,KAU031,22.5821,120.4888,18
TSMIP,D032,KAU032,22.5437,120.4606,8
TSMIP,D033,KAU033,22.4622,120.4606,5
TSMIP,D034,KAU034,22.5283,120.6278,107
TSMIP,D035,KAU035,22.5471,120.5401,15
TSMIP,,KAU036,22.4711,120.5518,14
TSMIP,D037 ,KAU037,22.261209,120.651519,16
TSMIP,,KAU038,22.19,120.6925,14
TSMIP,D039,KAU039,22.0954,120.7484,59
TSMIP,D040 ,KAU040,22.18952751,120.8781967,20
TSMIP,D042,KAU042,22.0204,120.8371,46
TSMIP,,KAU043,21.9132,120.8488,17
TSMIP,D044,KAU044,22.4367,120.5115,4
TSMIP,D045,KAU045,22.5662,120.3157,1
TSMIP,D046,KAU046,22.0038,120.746,26
TSMIP,D047,KAU047,23.0804,120.5908,282
TSMIP,D048,KAU048,22.7234,120.4987,31
TSMIP,D049,KAU049,22.7443,120.6401,148
TSMIP,D050,KAU050,23.1607,120.7656,642
TSMIP,D051,KAU051,22.3703,120.6282,66
TSMIP,,KAU052,21.9401,120.8136,116
TSMIP,,KAU053,22.8215,120.4306,323
TSMIP,D054,KAU054,23.2765,120.7206,720
TSMIP,,KAU055,22.5809,120.3421,6
TSMIP,,KAU056,22.5599,120.3572,8
TSMIP,,KAU057,22.637,120.2751,97
TSMIP,,KAU058,22.6475,120.329,11
TSMIP,,KAU059,22.7279,120.3165,13
TSMIP,D060,KAU060,22.6712,120.3188,8
TSMIP,,KAU061,22.6387,120.2999,9
TSMIP,D062,KAU062,22.622,120.2926,9
TSMIP,D063,KAU063,22.9043,120.1826,5
TSMIP,D064,KAU064,22.7834,120.2482,10
TSMIP,D065,KAU065,22.7522,120.3116,16
TSMIP,D066,KAU066,22.7303,120.3455,22
TSMIP,D067,KAU067,22.6552,120.4239,27
TSMIP,D068,KAU068,22.976,120.5443,129
TSMIP,D069,KAU069,22.8858,120.6647,256
TSMIP,D070,KAU070,22.781,120.4958,43
TSMIP,D071,KAU071,22.6477,120.5214,25
TSMIP,D072,KAU072,22.6672,120.6014,59
TSMIP,D074,KAU074,22.573,120.572,23
TSMIP,D075,KAU075,22.4882,120.5062,6
TSMIP,D076,KAU076,22.4263,120.5649,17
TSMIP,D077,KAU077,22.7454,120.7317,826
TSMIP,,KAU078,22.7068,120.6465,150
TSMIP,D079,KAU079,22.591,120.6325,89
TSMIP,,KAU080,22.0569,120.7119,5
TSMIP,,KAU081,22.0085,120.7452,25
TSMIP,,KAU082,21.9403,120.7321,62
TSMIP,,KAU083,22.561,120.458,6
TSMIP,D084,KAU084,22.3467,120.3691,38
TSMIP,D085,KAU085,22.884,120.329,28
TSMIP,D086,KAU086,22.7927,120.303,12
TSMIP,,KAU087,22.6119,120.3188,8
TSMIP,D088,KAU088,22.644,120.3187,12
TSMIP,,KAU089,22.4788,120.4111,4
TSMIP,D090,KAU090,22.5895,120.4158,12
TSMIP,D091,KAU091,21.9009,120.855,33
TSMIP,,KAU092,22.554,120.315,4
TSMIP,,KAU093,22.5925,120.3593,5
TSMIP,,KAU095,22.6929,120.4901,28
TSMIP,D097,KAU097,22.1767,120.838,292
TSMIP,,KAU098,21.9598,120.7496,27
TSMIP,,KAU099,22.0748,120.8292,111
TSMIP,,KAU100,22.5936,120.3071,4
TSMIP,D101 ,KAU101,10.3774,114.365,8
TSMIP,,KAU102,22.6417,120.2618,346
TSMIP,D103,KAU103,22.6269,120.3047,11
TSMIP,D104,KAU104,22.6905,120.2926,21
TSMIP,D105,KAU105,22.9394,120.4603,75
TSMIP,D106,KAU106,22.6229,120.313,12
TSMIP,D107,KAU107,22.6238,120.2822,12
TSMIP,D108,KAU108,22.8143,120.2242,4
TSMIP,D109,KAU109,22.9114,120.1987,5
TSMIP,D110,KAU110,22.6084,120.272,6
TSMIP,D111,KAU111,22.6769,120.526,27
TSMIP,D112,KAU112,22.5822,120.5445,16
TSMIP,D113,KAU113,22.3679,120.591,2
TSMIP,D114,KAU114,22.5138,120.5112,8
TSMIP,D115,KAU115,22.33,120.6215,11
TSMIP,,KAU116,22.5813,120.3497,6
TSMIP,D117,KAU117,22.2041,120.7519,124
TSMIP,,KAU118,22.8102,120.633,185
TSMIP,,KAU119,22.3508,120.3791,22
TSMIP,D120,KAU120,22.4835,120.5681,38
TSMIP,,KAU121,22.9933,120.6463,266
TSMIP,D122,KAU122,22.7533,120.3352,40
TSMIP,D123,KAU123,22.8855,120.4938,70
TSMIP,,KAU124,22.2163,120.7988,184
TSMIP,,KAU125,22.7053,120.6448,148
TSMIP,D126,KAU126,23.1793,120.7811,624
TSMIP,,KMNB,24.4638,118.3884,43
TSMIP,,KNM,24.4074,118.2892,44
TSMIP,I002,KNM002,24.4075,118.2887,30
TSMIP,I003 ,KNM003,24.457728,118.329547,36
TSMIP,,KSHI,24.7766,121.176,168
TSMIP,,LATB,24.5353,121.5264,1020
TSMIP,,LAY,22.0373,121.5581,324
TSMIP,,LDU,22.6733,121.4693,23
TSMIP,,LIOB,24.6469,121.0162,330
TSMIP,,LONT,22.9064,121.1299,210
TSMIP,,LXIB,24.0211,121.4133,1327
TSMIP,,LYJJ,26.5524,119.765,411
TSMIP,,LYUB,22.0017,121.584,40
TSMIP,,MASB,22.6119,120.6328,139
TSMIP,,MATB,26.1402,119.9291,75
TSMIP,,MHZQ,26.0985,119.033,260
TSMIP,,MND001,24.2317,120.8117,456
TSMIP,,MND002,22.7967,120.3578,47
TSMIP,,MND003,25.0825,121.5377,17
TSMIP,,MND004,22.674,120.2805,14
TSMIP,,MND005,24.255,120.6338,190
TSMIP,,MND006,24.0163,121.623,22
TSMIP,,MND007,24.1482,120.6953,97
TSMIP,,MND008,22.6097,120.3167,19
TSMIP,,MND009,25.0935,121.3882,236
TSMIP,,MND010,24.1795,120.6725,118
TSMIP,,MND011,23.147,120.3538,36
TSMIP,,MND012,22.0507,120.7137,13
TSMIP,,MND013,23.5055,120.8127,2457
TSMIP,,MND014,24.6025,121.8723,16
TSMIP,,MND015,25.0463,121.5912,18
TSMIP,,MND016,23.9773,121.6158,16
TSMIP,,MND017,23.483,120.4547,40
TSMIP,,MND018,23.0122,120.2138,19
TSMIP,,MND019,22.6285,120.2758,79
TSMIP,,MND020,24.8797,121.265,195
TSMIP,,MND021,25.036,121.4208,12
TSMIP,,MND022,22.1648,120.8857,72
TSMIP,,MND023,24.2317,120.6192,194
TSMIP,,MND025,24.0278,121.5888,22
TSMIP,,MND026,24.8013,121.8177,8
TSMIP,,MSU,26.169,119.923,97
TSMIP,J001,MSU001,26.1692,119.923,85
TSMIP,J002 ,MSU002,26.147374,119.939237,75
TSMIP,,MTN104,25.1058,121.5642,243
TSMIP,,MTN105,24.8392,121.5285,210
TSMIP,,MTN106,25.0292,121.8322,66
TSMIP,,MTN107,25.0328,121.8678,32
TSMIP,,MTN109,24.9115,121.376,71
TSMIP,,MTN110,24.9327,121.408,39
TSMIP,,MTN111,24.8722,121.4053,156
TSMIP,,MTN114,25.1753,121.6207,446
TSMIP,,MTN115,25.105,121.8448,424
TSMIP,,MTN116,25.0017,121.7472,271
TSMIP,,MTN117,25.1585,121.4768,241
TSMIP,,MTN118,25.1295,121.4177,364
TSMIP,,MTN120,25.0822,121.436,65
TSMIP,,MTN121,25.0378,121.6412,233
TSMIP,,MTN122,24.8538,121.437,250
TSMIP,,MTN123,24.9337,121.5475,177
TSMIP,,MTN125,24.8375,121.6482,435
TSMIP,,MTN126,25.0133,121.6437,137
TSMIP,,MTN127,24.5905,121.4118,1703
TSMIP,,MTN128,24.5103,121.6113,1860
TSMIP,,MTN129,24.4877,121.4267,808
TSMIP,,MTN130,24.578,121.6762,369
TSMIP,,MTN131,24.591,121.8108,167
TSMIP,,MTN132,24.5753,121.1058,545
TSMIP,,MTN133,24.6252,121.1485,460
TSMIP,H134,MTN134,24.579793,121.303337,545
TSMIP,,MTN135,24.7598,121.5875,692
TSMIP,,MTN136,24.5058,121.1132,2080
TSMIP,,MTN137,24.66,121.3012,750
TSMIP,,MTN138,24.7378,121.35,520
TSMIP,,MTN139,24.6515,121.4748,1150
TSMIP,,MTN140,24.4935,121.5362,1916
TSMIP,,MTN141,24.3175,121.2935,1604
TSMIP,,MTN142,24.777,121.123,623
TSMIP,,MTN143,24.7598,121.1997,546
TSMIP,H145,MTN145,24.1810274,121.3125124,2598
TSMIP,,MTN146,24.2557,121.2598,2052
TSMIP,,MTN147,24.202,121.006,755
TSMIP,,MTN148,24.1707,120.8957,559
TSMIP,,MTN150,24.2268,120.8053,472
TSMIP,,MTN151,24.1852,120.748,262
TSMIP,,MTN152,25.0002,121.5683,71
TSMIP,,MTN153,24.714,121.2692,675
TSMIP,,MTN154,22.996,120.633,261
TSMIP,,MTN155,23.0733,120.673,402
TSMIP,,MTN156,23.2525,120.8197,790
TSMIP,,MTN157,23.277,120.9025,2250
TSMIP,,MTN158,23.2483,120.9862,2302
TSMIP,,MTN159,23.1763,121.2498,263
TSMIP,,MTN160,24.2065,121.4517,1117
TSMIP,,MTN161,24.021,121.1335,1143
TSMIP,,MTN162,24.086,121.1738,2160
TSMIP,,MTN163,24.0067,121.424,393
TSMIP,,MTN164,24.0078,121.416,393
TSMIP,,MTN166,24.123,121.1572,1016
TSMIP,,MTN167,23.9598,121.005,374
TSMIP,,MTN168,24.192,121.3842,2189
TSMIP,,MTN169,24.1482,121.1892,1525
TSMIP,,MTN170,23.7658,120.8557,455
TSMIP,,MTN171,24.0005,121.079,763
TSMIP,,MTN172,24.2475,121.2442,2203
TSMIP,,MTN173,24.2097,121.2295,2484
TSMIP,,MTN174,24.376,121.305,1967
TSMIP,,MTN175,24.3682,121.339,1856
TSMIP,H176,MTN176,24.46528,120.9406,488
TSMIP,,MTN177,24.4108,120.9027,387
TSMIP,H178,MTN178,24.352833,120.8656667,415
TSMIP,,MTN179,24.3598,120.9465,653
TSMIP,,MTN180,24.3885,120.9713,836
TSMIP,,MTN181,24.5353,121.5265,987
TSMIP,,MTN182,24.2328,121.0897,400
TSMIP,,NACB,24.1738,121.5947,130
TSMIP,,NANB,24.4275,121.7498,112
TSMIP,,NASB,10.3772,114.3647,2
TSMIP,,NCU,24.9673,121.1944,134
TSMIP,,NCUB,24.967,121.187,134
TSMIP,,NCUH,24.9679,121.1849,153
TSMIP,,NDS,24.634,121.7168,110
TSMIP,,NDT,24.6025,121.5128,439
TSMIP,,NFF,24.6319,121.1177,655
TSMIP,,NHDH,24.963,121.525,41
TSMIP,,NHW,25.0067,121.0475,133
TSMIP,,NHY,25.0393,121.5693,37
TSMIP,,NJD,24.7358,121.0881,150
TSMIP,,NJN,24.6836,120.8703,5
TSMIP,,NMLH,24.5372,120.791,201
TSMIP,,NNS,24.4374,121.3814,1140
TSMIP,,NNS1,24.4284,121.3829,813
TSMIP,,NNSB,24.4284,121.3828,1102
TSMIP,,NNSH,24.4284,121.3829,1106
TSMIP,,NOU,25.1493,121.7734,43
TSMIP,,NPDK,26.615,118.188,180
TSMIP,,NSK,24.6735,121.3664,682
TSMIP,,NSM,25.2878,121.5886,55
TSMIP,,NST,24.6296,121.0087,164
TSMIP,,NSY,24.4143,120.7696,311
TSMIP,,NTC,24.8544,121.8297,4
TSMIP,,NTS,25.1644,121.4492,16
TSMIP,,NTY,24.9997,121.2976,94
TSMIP,,NWF,25.0715,121.7815,766
TSMIP,,NWL,24.7772,121.5025,397
TSMIP,,NWR,25.2028,121.6601,9
TSMIP,,OWD,23.9545,121.1759,1263
TSMIP,,PCNP,27.9054,118.518,250
TSMIP,,PCY,25.628,122.0799,102
TSMIP,,PHUB,23.5114,119.5801,15
TSMIP,,PNG,23.5652,119.5636,19
TSMIP,,PNTK,26.9784,118.972,850
TSMIP,,PTMZ,25.0411,119.119,25
TSMIP,,PTSB,24.4469,120.7048,202
TSMIP,,PTTC,25.5,119.77,0
TSMIP,,RLNB,23.8911,120.3594,-60
TSMIP,,SANB,24.3978,120.9858,1354
TSMIP,,SBCB,24.7924,120.9854,126
TSMIP,,SCK,23.1467,120.0865,36
TSMIP,,SCL,23.1735,120.2017,7
TSMIP,,SCS,22.8856,120.4938,70
TSMIP,,SCZ,22.3703,120.6282,73
TSMIP,,SEB,21.9009,120.8552,32
TSMIP,,SGL,22.7237,120.4985,30
TSMIP,,SGS,23.0804,120.5908,278
TSMIP,,SHH,23.0213,120.3479,86
TSMIP,,SHUL,23.7875,121.5627,35
TSMIP,,SHWA,23.0214,120.3478,99
TSMIP,,SLBB,24.7538,121.6356,490
TSMIP,,SLG,22.9934,120.6463,255
TSMIP,,SLIU,22.2162,120.799,197
TSMIP,,SMG,22.7054,120.6448,145
TSMIP,,SML,23.8813,120.9083,1015
TSMIP,,SMS,22.0204,120.837,53
TSMIP,,SNJ,22.7533,120.3352,21
TSMIP,,SNS,23.2198,120.4973,156
TSMIP,,SNW,21.9598,120.7496,55
TSMIP,,SPT,22.6782,120.4878,25
TSMIP,,SSD,22.7443,120.6402,148
TSMIP,,SSH,23.136,120.288,13
TSMIP,,SSLB,23.7875,120.954,450
TSMIP,,SSP,22.4835,120.5681,16
TSMIP,,STY,23.1608,120.7655,640
TSMIP,,STYH,23.1794,120.7811,645
TSMIP,,SXFK,26.3989,117.645,414
TSMIP,,SXI1,25.0942,121.8754,745
TSMIP,,SYNB,23.2482,120.9862,2352
TSMIP,,SZP,17.55,120.45,100
TSMIP,,TAI,22.9952,120.197,13
TSMIP,,TAI1,23.0379,120.2364,8
TSMIP,,TAP,25.0376,121.5139,16
TSMIP,,TAP001,25.0376,121.5139,16
TSMIP,A002,TAP002,25.1258,121.4669,10
TSMIP,A003,TAP003,25.086,121.4571,11
TSMIP,A004,TAP004,25.1052,121.4828,5
TSMIP,,TAP005,25.1053,121.5152,4
TSMIP,A006,TAP006,25.094,121.5152,8
TSMIP,A007,TAP007,25.0735,121.5168,9
TSMIP,A008,TAP008,25.074,121.552,6
TSMIP,A009,TAP009,25.0794,121.5811,12
TSMIP,A010,TAP010,25.0652,121.4779,7
TSMIP,,TAP011,25.0565,121.4967,11
TSMIP,,TAP012,25.0542,121.5168,10
TSMIP,A013,TAP013,25.0565,121.5337,14
TSMIP,A014,TAP014,25.0565,121.5522,16
TSMIP,A015,TAP015,25.0504,121.5794,14
TSMIP,A016,TAP016,25.0616,121.4311,27
TSMIP,,TAP017,25.0517,121.4558,10
TSMIP,,TAP019,25.0367,121.496,10
TSMIP,A020,TAP020,25.0376,121.5344,14
TSMIP,A021 ,TAP021,25.035459,121.551959,21
TSMIP,,TAP022,25.0312,121.563,26
TSMIP,A024,TAP024,25.0192,121.4747,14
TSMIP,A025,TAP025,25.0228,121.498,11
TSMIP,A026,TAP026,25.0157,121.5114,17
TSMIP,,TAP027,24.9995,121.502,20
TSMIP,,TAP028,25.0035,121.517,17
TSMIP,,TAP029,25.007,121.5353,21
TSMIP,A030,TAP030,24.9979,121.5387,21
TSMIP,,TAP031,25.0202,121.549,17
TSMIP,A032,TAP032,24.9996,121.4828,18
TSMIP,,TAP033,24.9787,121.5382,25
TSMIP,A034,TAP034,24.9536,121.5391,48
TSMIP,,TAP035,24.9223,121.5463,66
TSMIP,A036,TAP036,24.9023,121.5535,74
TSMIP,,TAP037,25.0343,121.4416,11
TSMIP,A038,TAP038,25.0224,121.4186,16
TSMIP,A039,TAP039,24.935,121.3696,43
TSMIP,,TAP040,25.1727,121.4417,30
TSMIP,,TAP041,25.1816,121.4243,13
TSMIP,,TAP042,25.1255,121.464,42
TSMIP,A043,TAP043,24.9897,121.4181,20
TSMIP,,TAP044,24.9749,121.4024,27
TSMIP,,TAP045,25.1094,121.8231,93
TSMIP,A046,TAP046,25.1024,121.7771,47
TSMIP,A047,TAP047,24.9519,121.3446,59
TSMIP,A049,TAP049,25.1469,121.4454,19
TSMIP,,TAP050,25.1499,121.4042,13
TSMIP,A051,TAP051,25.0997,121.4493,17
TSMIP,A052,TAP052,25.0801,121.3897,249
TSMIP,A053,TAP053,24.959576,121.525064,22
TSMIP,A054,TAP054,24.9975,121.4418,15
TSMIP,,TAP055,25.1649,121.4489,19
TSMIP,A056 ,TAP056,25.162206,121.544648,617
TSMIP,A057,TAP057,25.0799,121.6942,20
TSMIP,,TAP058,25.125,121.722,51
TSMIP,A059,TAP059,25.1558,121.6936,73
TSMIP,A060,TAP060,25.155,121.7303,54
TSMIP,A061,TAP061,25.1316,121.7608,45
TSMIP,A063,TAP063,25.1055,121.7382,47
TSMIP,A065,TAP065,25.1493,121.7733,26
TSMIP,A066,TAP066,25.1828,121.5293,834
TSMIP,,TAP067,24.9779,121.5922,292
TSMIP,,TAP069,25.0068,121.9972,122
TSMIP,,TAP070,25.1218,121.9197,39
TSMIP,A071,TAP071,25.0017,121.6167,45
TSMIP,A072,TAP072,24.9906,121.6587,111
TSMIP,,TAP073,25.0074,121.6885,140
TSMIP,,TAP074,24.9529,121.6366,533
TSMIP,A075,TAP075,25.0277,121.7366,228
TSMIP,,TAP076,25.0435,121.7782,182
TSMIP,,TAP077,25.0625,121.8512,98
TSMIP,A078,TAP078,25.0336,121.8667,36
TSMIP,,TAP079,25.0219,121.9147,25
TSMIP,,TAP080,25.017,121.9488,13
TSMIP,A081 ,TAP081,25.01647186,121.9887238,5
TSMIP,A082 ,TAP082,25.055012,121.925822,15
TSMIP,A083,TAP083,25.258,121.5027,73
TSMIP,A084,TAP084,25.2226,121.6373,13
TSMIP,A085,TAP085,24.9383,121.7122,205
TSMIP,,TAP086,24.9504,121.5755,127
TSMIP,,TAP087,25.1015,121.4234,104
TSMIP,,TAP088,25.0377,121.586,23
TSMIP,,TAP089,25.0248,121.5677,18
TSMIP,A090 ,TAP090,25.05586052,121.6029739,15
TSMIP,,TAP091,25.0602,121.5905,15
TSMIP,,TAP092,25.0638,121.5645,12
TSMIP,,TAP093,25.0842,121.566,13
TSMIP,,TAP094,25.1407,121.4831,50
TSMIP,,TAP095,25.1337,121.4995,15
TSMIP,,TAP096,25.1185,121.5048,9
TSMIP,A097 ,TAP097,25.01791763,121.5379181,30
TSMIP,,TAP098,25.1005,121.5477,41
TSMIP,,TAP1,25.0377,121.5138,-65
TSMIP,,TAP100,25.0337,121.5202,15
TSMIP,A101 ,TAP101,25.000776,121.584595,32
TSMIP,A103,TAP103,25.0715,121.7814,728
TSMIP,,TAP104,25.154,121.7397,92
TSMIP,,TAP105,25.0354,121.9256,20
TSMIP,,TAP106,25.1345,121.4727,80
TSMIP,A107,TAP107,25.1328,121.7407,9
TSMIP,,TAP109,25.0408,121.5692,10
TSMIP,,TAP111,25.1304,121.7462,11
TSMIP,A112,TAP112,25.6281,122.0798,102
TSMIP,,TAP113,24.9818,121.6892,494
TSMIP,,TAP114,25.2021,121.6606,17
TSMIP,A115,TAP115,24.9899,121.465,18
TSMIP,,TAP117,25.0142,121.5395,16
TSMIP,A118 ,TAP118,25.11979,121.47317,5
TSMIP,,TAP119,24.9834,121.5415,24
TSMIP,A120 ,TAP120,25.03067,121.41613,20
TSMIP,,TAP121,25.1285,121.7839,77
TSMIP,,TAP122,25.2724,121.6078,55
TSMIP,,TAP123,25.2878,121.5886,21
TSMIP,A124,TAP124,24.8637,121.5534,146
TSMIP,A125,TAP125,25.0678,121.6549,18
TSMIP,,TAP126,25.001,121.4537,11
TSMIP,A127,TAP127,24.9719,121.8255,399
TSMIP,A128,TAP128,25.1644,121.4492,21
TSMIP,A129,TAP129,24.7772,121.5024,409
TSMIP,A130,TAP130,25.1623,121.5446,616
TSMIP,A131,TAP131,25.0582,121.6101,12
TSMIP,,TAP132,25.1905,121.7842,9
TSMIP,,TAP133,25.0743,121.4272,196
TSMIP,A134,TAP134,25.034945,121.86295,27
TSMIP,,TATO,24.9735,121.4971,-5
TSMIP,,TAW,22.3558,120.9036,8
TSMIP,,TAWH,22.3397,120.8878,36
TSMIP,,TCU,24.1457,120.6841,18
TSMIP,,TCU,24.1456,120.6841,89
TSMIP,,TCU001,24.9735,121.1014,85
TSMIP,,TCU002,25.0353,121.0832,26
TSMIP,B003,TCU003,25.0456,121.1432,56
TSMIP,B004,TCU004,25.0601,121.203,36
TSMIP,,TCU005,25.1033,121.2445,16
TSMIP,B006,TCU006,24.9095,121.1493,165
TSMIP,,TCU007,24.9993,121.318,100
TSMIP,,TCU008,25.0068,121.2145,89
TSMIP,,TCU009,24.9627,121.2283,135
TSMIP,,TCU010,25.001,121.162,100
TSMIP,B011,TCU011,24.8841,121.2865,20
TSMIP,B012,TCU012,24.9361,121.2987,140
TSMIP,B013,TCU013,24.864,121.2134,234
TSMIP,B014,TCU014,25.0448,121.3153,104
TSMIP,,TCU015,24.7558,120.9458,74
TSMIP,B016,TCU016,24.8145,120.9656,22
TSMIP,B017,TCU017,24.7786,121.0182,91
TSMIP,B018,TCU018,24.8786,121.0608,110
TSMIP,B019,TCU019,24.9006,120.9874,22
TSMIP,,TCU020,24.8387,121.0033,31
TSMIP,B021,TCU021,24.7919,121.174,141
TSMIP,B022,TCU022,24.7672,120.9899,51
TSMIP,B023,TCU023,24.72,121.1399,177
TSMIP,B024,TCU024,24.7357,121.0881,131
TSMIP,,TCU025,24.7055,121.1832,270
TSMIP,B026,TCU026,24.7736,121.0837,100
TSMIP,B027,TCU027,24.8301,121.0746,80
TSMIP,B028,TCU028,24.7001,121.0535,129
TSMIP,B029,TCU029,24.5577,120.7577,36
TSMIP,B030,TCU030,24.5863,120.8852,68
TSMIP,,TCU031,24.5593,120.7096,27
TSMIP,B032,TCU032,24.5221,120.8226,78
TSMIP,B033,TCU033,24.6836,120.8703,11
TSMIP,B034,TCU034,24.6381,120.8653,20
TSMIP,B035,TCU035,24.6141,120.797,13
TSMIP,B036,TCU036,24.4469,120.7049,134
TSMIP,B037,TCU037,24.4919,120.6837,33
TSMIP,,TCU038,24.4912,120.6742,8
TSMIP,B039,TCU039,24.4897,120.7908,160
TSMIP,,TCU040,24.4489,120.6549,20
TSMIP,B041,TCU041,24.3898,120.6957,95
TSMIP,,TCU042,24.5526,120.8151,67
TSMIP,B043,TCU043,24.6866,120.9598,88
TSMIP,,TCU044,24.4019,120.7652,331
TSMIP,B045,TCU045,24.5399,120.9205,201
TSMIP,,TCU046,24.4662,120.8612,218
TSMIP,B047 ,TCU047,24.617754,120.946202,105
TSMIP,,TCU048,24.1781,120.5971,192
TSMIP,B049,TCU049,24.1773,120.6997,134
TSMIP,B050,TCU050,24.1799,120.6417,100
TSMIP,B051,TCU051,24.1598,120.6597,96
TSMIP,,TCU052,24.1959,120.748,218
TSMIP,B053,TCU053,24.1917,120.6788,137
TSMIP,,TCU054,24.16,120.6848,111
TSMIP,,TCU055,24.1381,120.6748,84
TSMIP,B056,TCU056,24.157,120.6335,77
TSMIP,,TCU057,24.1703,120.62,86
TSMIP,,TCU058,24.2497,120.7127,215
TSMIP,B059,TCU059,24.267,120.5718,9
TSMIP,B060,TCU060,24.2219,120.6504,139
TSMIP,B061,TCU061,24.1345,120.5569,38
TSMIP,B062,TCU062,24.1149,120.6842,65
TSMIP,B063,TCU063,24.1078,120.6238,34
TSMIP,,TCU064,24.3446,120.6194,50
TSMIP,,TCU065,24.0563,120.6998,63
TSMIP,B066,TCU066,24.2138,120.7043,174
TSMIP,,TCU067,24.09,120.7282,98
TSMIP,B068,TCU068,24.276,120.7732,283
TSMIP,B069,TCU069,24.2596,120.831,360
TSMIP,B070,TCU070,24.1964,120.5475,11
TSMIP,B071,TCU071,23.984,120.7952,219
TSMIP,,TCU072,24.0391,120.858,315
TSMIP,B073,TCU073,24.0124,120.9573,465
TSMIP,,TCU074,23.9613,120.9711,447
TSMIP,,TCU075,23.9814,120.6877,110
TSMIP,,TCU076,23.9065,120.6836,107
TSMIP,B077,TCU077,23.8272,120.7874,235
TSMIP,B078,TCU078,23.8096,120.8543,289
TSMIP,,TCU079,23.8369,120.9021,658
TSMIP,,TCU080,23.9,120.9379,654
TSMIP,B081,TCU081,24.8283,121.0142,31
TSMIP,B082,TCU082,24.1456,120.6841,89
TSMIP,B083,TCU083,24.9674,121.1943,144
TSMIP,B084,TCU084,23.8813,120.9082,999
TSMIP,B085,TCU085,24.6737,121.3666,685
TSMIP,B086,TCU086,23.8617,120.2892,4
TSMIP,,TCU087,24.3465,120.7809,286
TSMIP,,TCU088,24.2495,121.1618,1496
TSMIP,,TCU089,23.905,120.8698,659
TSMIP,B090,TCU090,23.6462,120.6559,241
TSMIP,,TCU091,24.981,121.27,108
TSMIP,,TCU092,25.0103,121.2868,89
TSMIP,,TCU093,24.8506,120.9552,9
TSMIP,,TCU094,24.767,121.0581,126
TSMIP,B095,TCU095,24.6888,121.0199,104
TSMIP,,TCU096,24.7923,120.966,32
TSMIP,B097,TCU097,24.7884,120.9274,16
TSMIP,,TCU098,24.742,120.9072,12
TSMIP,B099,TCU099,24.1364,120.6993,85
TSMIP,,TCU100,24.1837,120.625,99
TSMIP,,TCU101,24.2394,120.7172,208
TSMIP,B102,TCU102,24.247,120.7286,231
TSMIP,B103,TCU103,24.3075,120.7151,223
TSMIP,B104,TCU104,24.2443,120.6091,212
TSMIP,,TCU105,24.2381,120.5678,29
TSMIP,B106 ,TCU106,24.08168,120.5569,25
TSMIP,B107,TCU107,24.0718,120.5469,21
TSMIP,,TCU108,24.0838,120.5324,19
TSMIP,,TCU109,24.0828,120.5806,39
TSMIP,B110,TCU110,23.9605,120.5798,33
TSMIP,B111,TCU111,24.112,120.4949,13
TSMIP,B112,TCU112,24.0552,120.4303,8
TSMIP,,TCU113,23.8913,120.3954,18
TSMIP,B115,TCU115,23.9579,120.4778,24
TSMIP,B116,TCU116,23.8556,120.5889,49
TSMIP,B117,TCU117,24.1324,120.4684,6
TSMIP,B118,TCU118,24.0004,120.4313,11
TSMIP,B119 ,TCU119,23.922734,120.32025,8
TSMIP,B120,TCU120,23.9774,120.6214,238
TSMIP,B121,TCU121,23.8945,120.4589,25
TSMIP,B122,TCU122,23.8118,120.6179,85
TSMIP,B123,TCU123,24.0161,120.5516,21
TSMIP,,TCU124,23.9139,120.6918,93
TSMIP,,TCU125,23.9531,120.6906,107
TSMIP,,TCU126,23.7634,120.6862,154
TSMIP,B127,TCU127,24.6296,121.0088,173
TSMIP,B128,TCU128,24.4144,120.7697,299
TSMIP,B129,TCU129,23.8766,120.6925,113
TSMIP,,TCU130,24.1434,121.2725,3386
TSMIP,B131,TCU131,24.5649,120.8258,50
TSMIP,,TCU132,24.5738,120.8279,46
TSMIP,,TCU133,24.1343,120.6593,73
TSMIP,,TCU134,24.1225,120.6293,46
TSMIP,B135,TCU135,24.3331,120.6533,146
TSMIP,B136,TCU136,24.2583,120.6587,176
TSMIP,,TCU137,24.1836,120.9301,626
TSMIP,B138,TCU138,23.9205,120.6028,42
TSMIP,B139,TCU139,23.9209,120.5483,32
TSMIP,,TCU140,23.9565,120.3678,8
TSMIP,B141,TCU141,23.8321,120.4712,31
TSMIP,,TCU142,23.9811,120.8762,340
TSMIP,B143,TCU143,23.8798,120.7632,164
TSMIP,,TCU144,24.0835,120.4441,7
TSMIP,B145,TCU145,23.9788,120.3444,2
TSMIP,B146,TCU146,24.1609,120.4913,7
TSMIP,,TCU147,24.8576,121.2553,220
TSMIP,,TCU148,23.9545,120.9342,553
TSMIP,B149,TCU149,24.2563,120.5232,8
TSMIP,,TCU150,23.8913,120.7137,113
TSMIP,,TCU152,24.8105,120.9576,24
TSMIP,,TCU154,24.5817,120.8427,31
TSMIP,,TCU156,24.2588,120.7192,211
TSMIP,,TCU157,24.0424,120.6981,80
TSMIP,,TCU158,24.0633,120.536,19
TSMIP,,TCU159,23.9071,120.6803,118
TSMIP,,TCU160,25.0797,121.2352,25
TSMIP,,TCU161,24.8195,121.2436,167
TSMIP,B162,TCU162,23.8763,120.5212,36
TSMIP,,TCU163,24.9997,121.2976,93
TSMIP,,TCU164,24.8279,121.011,32
TSMIP,,TCU165,24.1276,120.6433,52
TSMIP,,TCU166,23.8764,120.6926,113
TSMIP,,TCU167,23.6646,120.7685,1660
TSMIP,B168,TCU168,25.0068,121.0476,21
TSMIP,,TCU169,24.3979,120.9859,1311
TSMIP,B170,TCU170,24.1548,120.7198,120
TSMIP,B171,TCU171,24.345,120.5878,28
TSMIP,B172,TCU172,24.144,120.682,92
TSMIP,B173,TCU173,24.1113,120.6565,50
TSMIP,B174,TCU174,24.2269,120.8055,478
TSMIP,B175,TCU175,24.9538,121.2043,140
TSMIP,B176,TCU176,25.025,121.2583,75
TSMIP,B177,TCU177,24.6561,120.9549,89
TSMIP,B178,TCU178,24.0277,120.4123,9
TSMIP,B179,TCU179,24.034,120.5039,19
TSMIP,B180,TCU180,23.9926,120.5459,25
TSMIP,B181,TCU181,23.9535,120.5456,27
TSMIP,B182,TCU182,23.8923,120.5274,37
TSMIP,B183,TCU183,23.8759,120.4163,21
TSMIP,B184,TCU184,23.7492,120.7525,496
TSMIP,,TCU185,24.4228,120.8718,317
TSMIP,,TCU186,24.799,121.3314,335
TSMIP,,TCU187,24.662,120.9248,102
TSMIP,,TCU188,24.3377,121.308,1937
TSMIP,B189,TCU189,24.1707,120.8948,540
TSMIP,B190,TCU190,23.922,120.3201,7
TSMIP,,TCU191,24.0821,121.1724,2211
TSMIP,B192,TCU192,25.041,121.0804,14
TSMIP,,TCU193,24.5788,121.0864,1108
TSMIP,,TCU194,23.4814,120.887,2634
TSMIP,,TCU195,24.6071,121.2956,1485
TSMIP,,TCU196,23.6075,120.8851,898
TSMIP,,TCU197,24.6468,121.0164,344
TSMIP,,TCU198,24.0334,120.9264,639
TSMIP,,TCU199,23.8218,120.7278,179
TSMIP,B200,TCU200,24.5373,120.7908,177
TSMIP,B201,TCU201,24.0794,120.5583,43
TSMIP,,TCU202,23.9545,121.1758,1252
TSMIP,,TCU203,24.2777,120.9458,947
TSMIP,B204,TCU204,23.6961,120.8532,495
TSMIP,B205,TCU205,24.3478,120.6403,99
TSMIP,,TCU206,24.2476,121.2438,2223
TSMIP,B207,TCU207,24.0566,120.9117,364
TSMIP,B208,TCU208,23.9026,120.3781,14
TSMIP,B209,TCU209,24.6319,121.1177,438
TSMIP,B210,TCU210,24.7771,121.1752,139
TSMIP,B211 ,TCU211,24.579793,121.303337,545
TSMIP,B212 ,TCU212,24.46528,120.9406,488
TSMIP,B213 ,TCU213,24.352833,120.8656667,415
TSMIP,,TCU214,23.8741,120.5814,68
TSMIP,B215,TCU215,24.699328,121.427254,1695
TSMIP,B216,TCU216,24.14567,120.496499,23
TSMIP,,TDCB,24.252,121.1583,1294
TSMIP,,TIPB,24.9719,121.8256,393
TSMIP,,TPUB,23.3005,120.6296,370
TSMIP,,TRB001,25.0477,121.517,21
TSMIP,,TRB003,24.8007,120.9703,25
TSMIP,,TRB004,24.5705,120.8223,48
TSMIP,,TRB005,24.6065,120.7782,9
TSMIP,,TRB006,24.421,120.774,266
TSMIP,,TRB007,22.6688,120.4858,26
TSMIP,,TRB008,22.3682,120.595,7
TSMIP,,TRB009,25.1088,121.8058,61
TSMIP,,TRB010,25.0278,121.8732,38
TSMIP,,TRB011,25.095,121.7157,28
TSMIP,,TRB012,25.0528,121.6072,14
TSMIP,,TRB013,24.9992,121.429,11
TSMIP,,TRB014,24.9755,121.2673,111
TSMIP,,TRB015,24.8175,120.9973,22
TSMIP,,TRB016,24.591,120.8207,34
TSMIP,,TRB017,24.2613,120.7308,231
TSMIP,,TRB018,24.1368,120.6873,81
TSMIP,,TRB019,24.0823,120.539,21
TSMIP,,TRB020,23.8117,120.6212,87
TSMIP,,TRB021,24.069,120.5323,19
TSMIP,,TRB022,24.3002,120.6002,52
TSMIP,,TRB023,24.3448,120.6272,59
TSMIP,,TRB024,23.4787,120.4405,36
TSMIP,,TRB025,23.4575,120.4218,32
TSMIP,,TRB026,23.7122,120.541,55
TSMIP,,TRB027,23.7168,120.5637,56
TSMIP,,TRB028,23.3073,120.3233,18
TSMIP,,TRB029,23.137,120.307,17
TSMIP,,TRB030,22.9982,120.2127,19
TSMIP,,TRB031,22.781,120.3027,8
TSMIP,,TRB032,22.6515,120.4205,26
TSMIP,,TRB033,22.6185,121.0047,56
TSMIP,,TRB034,23.3308,121.3118,139
TSMIP,,TRB035,23.0462,121.1645,223
TSMIP,,TRB036,22.7947,121.123,48
TSMIP,,TRB037,22.3458,120.878,65
TSMIP,,TRB038,23.666,121.4212,125
TSMIP,,TRB039,24.7542,121.7587,9
TSMIP,,TRB040,24.8253,121.7745,8
TSMIP,,TRB041,24.6037,121.8325,21
TSMIP,,TRB042,24.0003,121.6038,16
TSMIP,,TRB043,24.2967,121.7532,23
TSMIP,,TRB044,24.4635,121.801,26
TSMIP,,TTN,22.7522,121.1549,12
TSMIP,G001,TTN001,23.3163,121.4512,63
TSMIP,G002,TTN002,22.9725,121.304,46
TSMIP,G003,TTN003,22.6156,121.0069,28
TSMIP,,TTN004,22.908,121.1365,140
TSMIP,,TTN005,22.7549,121.1483,19
TSMIP,,TTN006,22.7705,121.1449,25
TSMIP,,TTN007,22.7615,121.1504,17
TSMIP,,TTN008,22.7567,121.1588,13
TSMIP,,TTN009,22.7472,121.1522,10
TSMIP,,TTN010,22.7368,121.1217,18
TSMIP,G011,TTN011,22.7814,121.1193,38
TSMIP,,TTN012,22.764,121.1416,23
TSMIP,,TTN013,22.766,121.136,26
TSMIP,G014,TTN014,23.0978,121.3731,37
TSMIP,G015,TTN015,22.7522,121.1549,12
TSMIP,G016,TTN016,22.3559,120.9036,11
TSMIP,G017,TTN017,22.0373,121.5581,309
TSMIP,,TTN018,22.8174,121.08,199
TSMIP,G020,TTN020,23.1259,121.2147,278
TSMIP,G021,TTN021,23.102,121.1759,307
TSMIP,G022,TTN022,23.0952,121.2192,286
TSMIP,G023,TTN023,23.0512,121.1638,231
TSMIP,G024,TTN024,22.9703,121.1167,281
TSMIP,G025,TTN025,22.9023,121.08,247
TSMIP,G026,TTN026,22.8597,121.0918,227
TSMIP,,TTN027,22.8073,121.0938,106
TSMIP,G028,TTN028,22.7767,121.0629,135
TSMIP,G029 ,TTN029,22.717309,121.049131,63
TSMIP,G030,TTN030,22.6978,121.0259,56
TSMIP,G031,TTN031,23.3563,121.4673,48
TSMIP,G032,TTN032,23.2447,121.4141,31
TSMIP,G033,TTN033,23.1918,121.3957,11
TSMIP,,TTN034,22.8959,121.2487,28
TSMIP,G035,TTN035,22.8784,121.2276,56
TSMIP,,TTN036,22.7963,121.1938,34
TSMIP,G037,TTN037,22.5321,120.9667,24
TSMIP,G038,TTN038,22.462,120.9409,17
TSMIP,,TTN040,23.1492,121.2072,311
TSMIP,G041,TTN041,23.1324,121.1251,437
TSMIP,,TTN042,22.9991,121.2852,75
TSMIP,,TTN043,23.027,121.3308,28
TSMIP,,TTN044,23.006,121.174,211
TSMIP,G045,TTN045,22.9741,121.1564,190
TSMIP,G046,TTN046,22.9625,121.2409,189
TSMIP,G047,TTN047,22.8383,121.1385,113
TSMIP,G048,TTN048,22.7721,121.091,59
TSMIP,G049,TTN049,22.7304,121.1074,21
TSMIP,,TTN050,22.6725,121.0371,20
TSMIP,G051,TTN051,23.1871,121.0251,1058
TSMIP,G052,TTN052,22.5957,120.9617,88
TSMIP,G053,TTN053,22.382,120.8564,457
TSMIP,G055,TTN055,22.6733,121.4693,9
TSMIP,,TTN056,22.7646,121.1525,18
TSMIP,G057,TTN057,23.0258,121.3304,50
TSMIP,,TTN058,22.3115,120.8649,318
TSMIP,,TTN059,22.9063,121.1299,180
TSMIP,G060,TTN060,22.3398,120.888,24
TSMIP,G061,TTN061,23.1488,121.2061,295
TSMIP,,TWA,24.9778,121.5923,260
TSMIP,,TWB1,25.0068,121.9972,130
TSMIP,,TWC,24.6082,121.8595,20
TSMIP,,TWD,24.0813,121.6048,47
TSMIP,,TWE,24.718,121.6829,56
TSMIP,,TWF1,23.3508,121.3053,260
TSMIP,,TWG,22.8177,121.0799,195
TSMIP,,TWGB,22.8176,121.0799,195
TSMIP,,TWH,22.675,121.484,50
TSMIP,,TWK1,21.9402,120.8137,90
TSMIP,,TWKB,21.9406,120.8125,90
TSMIP,,TWL,23.2648,120.4999,590
TSMIP,,TWM1,22.8214,120.4306,340
TSMIP,,TWQ1,24.3465,120.7733,260
TSMIP,,TWS1,25.1014,121.4234,101
TSMIP,,TWT,24.2495,121.162,1500
TSMIP,,TWY,25.2724,121.6078,56
TSMIP,,TYC,23.9052,120.8697,20
TSMIP,,VCHM,23.2087,119.4295,60
TSMIP,,VDOS,20.701,116.7306,38
TSMIP,,VNAS,10.3774,114.365,2
TSMIP,,VWDT,23.7537,121.1412,0
TSMIP,,VWUC,24.9911,119.4492,5
TSMIP,,WARB,23.7178,121.3862,331
TSMIP,,WCH1,24.0718,120.5468,22
TSMIP,,WCHH,24.0795,120.5583,34
TSMIP,,WCKO,23.4385,120.6047,282
TSMIP,,WCS,24.0566,120.9116,394
TSMIP,,WDG,23.2574,119.6675,33
TSMIP,,WDJ,24.3478,120.6403,107
TSMIP,,WDL,23.7148,120.5386,52
TSMIP,,WDLH,23.6888,120.5381,69
TSMIP,,WFSB,25.0716,121.7806,100
TSMIP,,WGK,23.6844,120.5703,75
TSMIP,,WHF,24.1434,121.2724,3394
TSMIP,,WHP,24.2777,120.9458,954
TSMIP,,WHY,23.6961,120.8532,504
TSMIP,,WJS,23.8219,120.7279,175
TSMIP,,WLC,22.3468,120.3691,38
TSMIP,,WLCH,22.3508,120.3788,14
TSMIP,,WLGB,23.4777,120.2999,16
TSMIP,,WLTB,24.8526,121.2524,27
TSMIP,,WML,23.804,120.223,12
TSMIP,,WNT,23.8767,120.6925,110
TSMIP,,WNT1,23.9068,120.6798,115
TSMIP,,WPL,24.014,120.9492,190
TSMIP,,WRL,23.9026,120.3781,34
TSMIP,,WSF,23.6364,120.2298,6
TSMIP,,WSL,23.5226,120.2278,455
TSMIP,,WSS,22.6418,120.2618,352
TSMIP,,WSSB,22.6418,120.2618,352
TSMIP,,WTC,23.8617,120.2892,5
TSMIP,,WTK,23.6877,120.3886,42
TSMIP,,WTP,23.2438,120.6223,560
TSMIP,,WUSB,23.9919,121.1175,1152
TSMIP,,WWC,24.2563,120.5232,8
TSMIP,,WWF,24.0427,120.6983,116
TSMIP,,WYL,23.9604,120.5801,51
TSMIP,,XPSS,26.9278,120.19,160
TSMIP,,YD03,25.1792,121.5397,714
TSMIP,,YD04,25.1537,121.5363,369
TSMIP,,YD05,25.164,121.5655,724
TSMIP,,YD07,25.1754,121.6204,456
TSMIP,,YD11,25.1657,121.5741,758
TSMIP,,YDFS,24.7637,116.937,570
TSMIP,,YHNB,24.6697,121.3757,775
TSMIP,,YM01,25.1464,121.57,469
TSMIP,,YM03,25.1792,121.5397,714
TSMIP,,YM04,25.1537,121.5363,369
TSMIP,,YM05,25.164,121.5655,724
TSMIP,,YM06,25.152,121.6026,467
TSMIP,,YM07,25.1754,121.6204,456
TSMIP,,YM08,25.1879,121.5896,321
TSMIP,,YM09,25.2433,121.562,510
TSMIP,,YM10,25.1555,121.5609,615
TSMIP,,YM11,25.1657,121.5741,758
TSMIP,,YM12,25.1813,121.5693,363
TSMIP,,YN03,25.179,121.5403,720
TSMIP,,YOJ,24.4692,123.0028,32
TSMIP,,YULB,23.3924,121.2971,295
TSMIP,,YUS,23.4873,120.9591,3845
TSMIP,,YXBM,26.0386,118.11,186
TSMIP,,ZPLA,23.9324,117.747,56
TSMIP,,ZPXH,25.406,117.656,45
TSMIP,,ZUZH,25.1621,121.5447,470
TSMIP,,ZZJH,24.3075,117.63,0
